{
    "keep": {
        "days": true,
        "amount": 14
    },
    "auditLog": "logs\\.6f7cf6c07d219572fff86ff44c2a015bf3294546-audit.json",
    "files": [
        {
            "date": 1711347775036,
            "name": "logs\\2024-03-25.log",
            "hash": "7ccb6f7e4516fd9860fe0d7b26214885c33041f5e137a32eaedc297c729c3410"
        },
        {
            "date": 1711433738955,
            "name": "logs\\2024-03-26.log",
            "hash": "5c4861b648f4d3320d22a39d4ed794712600dbfb355709af5f2c62c254d72eba"
        },
        {
            "date": 1711531004025,
            "name": "logs\\2024-03-27.log",
            "hash": "a1b9ccec882215b02c4a1b2dc9e24be58f47c04343a60ef923578cca00e77b3b"
        },
        {
            "date": 1711613915300,
            "name": "logs\\2024-03-28.log",
            "hash": "9097a4cc750c38c278085032c73929d605495a75ecfa4af74113b160deaaa2de"
        },
        {
            "date": 1712056703624,
            "name": "logs\\2024-04-02.log",
            "hash": "52ce90e4b2e807008b60b633eedbddfe256550c0628740ac9d6548696e1c8f84"
        },
        {
            "date": 1712150254522,
            "name": "logs\\2024-04-03.log",
            "hash": "9b2b8d8565b0ef08996c2dfda097bbbe05222f178e23d9da0c317fe5d7e9c509"
        },
        {
            "date": 1712215013148,
            "name": "logs\\2024-04-04.log",
            "hash": "bdc4b6bd8d051a6413aeb567cf827d087fdf2e8a1b6cdd7281cf3de16b118631"
        },
        {
            "date": 1712301760020,
            "name": "logs\\2024-04-05.log",
            "hash": "a222de78ee2be9dd95777605c55483e812c20f3d800df499d73cae24a82e8c86"
        },
        {
            "date": 1712553576326,
            "name": "logs\\2024-04-08.log",
            "hash": "5d68848e4feb0f22fac92fec0d8615e3a22e1b651442309ad352497876d1af16"
        }
    ],
    "hashType": "sha256"
}