id,name,created,modified,description,owner,entitlements,accessProfiles,membership,legacyMembershipInfo,enabled,requestable,accessRequestConfig,revocationRequestConfig,segments,dimensional,dimensionRefs
de1a4d40ebd04b468a44e1d62b7458ce,Accounts Payable Analyst,2023-05-02T06:01:52.025Z,2023-05-02T06:01:54.997Z,Accounts Payable Analyst,,[],"[{""id"":""969c3327f2274aafb99066fc2f9ba8f9"",""type"":""ACCESS_PROFILE"",""name"":""Financial Systems Analyst Access""},{""id"":""4fbfd40683d74dbb95d35716ce320da2"",""type"":""ACCESS_PROFILE"",""name"":""Accounts Payable""}]","{""type"":""STANDARD"",""criteria"":{""operation"":""OR"",""key"":null,""stringValue"":"""",""children"":[{""operation"":""AND"",""key"":null,""stringValue"":"""",""children"":[{""operation"":""EQUALS"",""key"":{""type"":""IDENTITY"",""property"":""attribute.cloudLifecycleState"",""sourceId"":""""},""stringValue"":""active"",""children"":[]},{""operation"":""CONTAINS"",""key"":{""type"":""IDENTITY"",""property"":""attribute.jobTitle"",""sourceId"":""""},""stringValue"":""Accounts Payable Analyst"",""children"":[]}]}]},""identities"":null}",,true,true,"{""commentsRequired"":false,""denialCommentsRequired"":false,""approvalSchemes"":[]}","{""approvalSchemes"":[]}",[],,
dd0731ed6cc64b089ebed9870810d35d,Accounts Receivable Analyst,2023-05-02T06:01:52.078Z,2023-05-02T06:01:54.996Z,Accounts Receivable Analyst,,[],"[{""id"":""c937583c133a4adc98ef07b057383b18"",""type"":""ACCESS_PROFILE"",""name"":""Accounts Receivable""}]","{""type"":""STANDARD"",""criteria"":{""operation"":""OR"",""key"":null,""stringValue"":"""",""children"":[{""operation"":""AND"",""key"":null,""stringValue"":"""",""children"":[{""operation"":""EQUALS"",""key"":{""type"":""IDENTITY"",""property"":""attribute.cloudLifecycleState"",""sourceId"":""""},""stringValue"":""active"",""children"":[]},{""operation"":""EQUALS"",""key"":{""type"":""IDENTITY"",""property"":""attribute.jobTitle"",""sourceId"":""""},""stringValue"":""Accounts Receivable Analyst"",""children"":[]}]}]},""identities"":null}",,true,true,"{""commentsRequired"":false,""denialCommentsRequired"":false,""approvalSchemes"":[]}","{""approvalSchemes"":[]}",[],,
af022a90c99348b88df77d07a4bd95af,Current Employee Base Access,2023-05-02T06:01:52.235Z,2023-05-02T06:01:55.55Z,Base level Domain account for active employees,,[],"[{""id"":""e6b39221e3594728bb15bc015b61fbc1"",""type"":""ACCESS_PROFILE"",""name"":""PRISM ERP Employee Access""},{""id"":""7a88f0c0d2ed4928b20ce40e518afa77"",""type"":""ACCESS_PROFILE"",""name"":""Employee Base Account""}]","{""type"":""STANDARD"",""criteria"":{""operation"":""OR"",""key"":null,""stringValue"":"""",""children"":[{""operation"":""AND"",""key"":null,""stringValue"":"""",""children"":[{""operation"":""EQUALS"",""key"":{""type"":""IDENTITY"",""property"":""attribute.cloudLifecycleState"",""sourceId"":""""},""stringValue"":""active"",""children"":[]}]}]},""identities"":null}",,true,true,"{""commentsRequired"":false,""denialCommentsRequired"":false,""approvalSchemes"":[]}","{""approvalSchemes"":[]}",[],,
402edb40d83a42ff96eba22a5e5e7498,SalesEngineering,2023-05-02T06:01:52.326Z,2023-05-02T06:01:55.074Z,SalesEngineering,,[],"[{""id"":""4f83e849056c40e39b6969e58b7e1dcc"",""type"":""ACCESS_PROFILE"",""name"":""SalesCommonAccess""},{""id"":""1cbac4826fac4361b084ec62e6e740ca"",""type"":""ACCESS_PROFILE"",""name"":""SalesEngineering""}]","{""type"":""STANDARD"",""criteria"":{""operation"":""OR"",""key"":null,""stringValue"":"""",""children"":[{""operation"":""AND"",""key"":null,""stringValue"":"""",""children"":[{""operation"":""EQUALS"",""key"":{""type"":""IDENTITY"",""property"":""attribute.jobTitle"",""sourceId"":""""},""stringValue"":""Sales Engineer"",""children"":[]},{""operation"":""EQUALS"",""key"":{""type"":""IDENTITY"",""property"":""attribute.cloudLifecycleState"",""sourceId"":""""},""stringValue"":""active"",""children"":[]}]}]},""identities"":null}",,true,true,"{""commentsRequired"":false,""denialCommentsRequired"":false,""approvalSchemes"":[]}","{""approvalSchemes"":[]}",[],,
a3ab3c81fd664bb89e9c3575ac89e937,SalesEnterprise,2023-05-02T06:01:52.397Z,2023-05-02T06:01:55.016Z,The Enterprise Sales Team,,[],"[{""id"":""4f83e849056c40e39b6969e58b7e1dcc"",""type"":""ACCESS_PROFILE"",""name"":""SalesCommonAccess""},{""id"":""fc2c7c295c4049e2b11bd05c57f929ba"",""type"":""ACCESS_PROFILE"",""name"":""SalesEnterprise""}]","{""type"":""STANDARD"",""criteria"":{""operation"":""AND"",""key"":null,""stringValue"":"""",""children"":[{""operation"":""EQUALS"",""key"":{""type"":""IDENTITY"",""property"":""attribute.department"",""sourceId"":""""},""stringValue"":""Sales"",""children"":[]},{""operation"":""EQUALS"",""key"":{""type"":""IDENTITY"",""property"":""attribute.cloudLifecycleState"",""sourceId"":""""},""stringValue"":""active"",""children"":[]}]},""identities"":null}",,true,true,"{""commentsRequired"":false,""denialCommentsRequired"":false,""approvalSchemes"":[]}","{""approvalSchemes"":[]}",[],,
25ba405e22fe46ce8cfcfa613952907f,SalesGlobal,2023-05-02T06:01:52.442Z,2023-05-02T06:01:55.019Z,All Sales people in the company,,[],"[{""id"":""4f83e849056c40e39b6969e58b7e1dcc"",""type"":""ACCESS_PROFILE"",""name"":""SalesCommonAccess""}]","{""type"":""STANDARD"",""criteria"":{""operation"":""OR"",""key"":null,""stringValue"":"""",""children"":[{""operation"":""AND"",""key"":null,""stringValue"":"""",""children"":[{""operation"":""CONTAINS"",""key"":{""type"":""IDENTITY"",""property"":""attribute.department"",""sourceId"":""""},""stringValue"":""Sales"",""children"":[]},{""operation"":""CONTAINS"",""key"":{""type"":""IDENTITY"",""property"":""attribute.jobTitle"",""sourceId"":""""},""stringValue"":""Sales"",""children"":[]}]}]},""identities"":null}",,true,true,"{""commentsRequired"":false,""denialCommentsRequired"":false,""approvalSchemes"":[]}","{""approvalSchemes"":[]}",[],,
74ee33eca3184829a471dec84ac61b15,SalesRegional,2023-05-02T06:01:52.528Z,2023-05-02T06:01:55.042Z,The Regional Sales Team,,[],"[{""id"":""caffb6a2ec654cc1a68b3a18038c6bb5"",""type"":""ACCESS_PROFILE"",""name"":""SalesRegional""},{""id"":""4f83e849056c40e39b6969e58b7e1dcc"",""type"":""ACCESS_PROFILE"",""name"":""SalesCommonAccess""}]","{""type"":""STANDARD"",""criteria"":{""operation"":""AND"",""key"":null,""stringValue"":"""",""children"":[{""operation"":""EQUALS"",""key"":{""type"":""IDENTITY"",""property"":""attribute.jobTitle"",""sourceId"":""""},""stringValue"":""Regional Sales Executive"",""children"":[]},{""operation"":""EQUALS"",""key"":{""type"":""IDENTITY"",""property"":""attribute.cloudLifecycleState"",""sourceId"":""""},""stringValue"":""active"",""children"":[]}]},""identities"":null}",,true,true,"{""commentsRequired"":false,""denialCommentsRequired"":false,""approvalSchemes"":[]}","{""approvalSchemes"":[]}",[],,
041e4d70137e41c5a8827677bdbf0660,Account Payable Analyst,2023-07-01T18:34:31.512Z,2024-01-27T15:18:25.058724Z,Accounts Payable accounting staff,"{""type"":""IDENTITY"",""id"":""61d806622d474c02b312abe46cf80547"",""name"":""rthammineni.admin""}",[],"[{""id"":""0ddabe52cb784040b14e80394f90b165"",""type"":""ACCESS_PROFILE"",""name"":""Benefits""},{""id"":""60ca2cebb154480397cca6523c1881e7"",""type"":""ACCESS_PROFILE"",""name"":""AP system""}]",,,true,true,"{""commentsRequired"":false,""denialCommentsRequired"":false,""approvalSchemes"":[{""approverType"":""MANAGER"",""approverId"":null},{""approverType"":""OWNER"",""approverId"":null},{""approverType"":""GOVERNANCE_GROUP"",""approverId"":""7c481d30-5ffe-412f-be97-22f01b9ba016""}]}","{""approvalSchemes"":[]}",[],,
f6209494800244a3bf53642b01c0a52f,Dallas Users Role,2023-07-09T01:38:48.575Z,2023-07-09T01:52:01.855Z,Dallas Users Role,"{""type"":""IDENTITY"",""id"":""61d806622d474c02b312abe46cf80547"",""name"":""rthammineni.admin""}",[],"[{""id"":""d873a3a5057947bc85a3078176891a4e"",""type"":""ACCESS_PROFILE"",""name"":""Dallas Access Profile""}]","{""type"":""STANDARD"",""criteria"":{""operation"":""AND"",""key"":null,""stringValue"":null,""children"":[{""operation"":""EQUALS"",""key"":{""type"":""IDENTITY"",""property"":""attribute.location"",""sourceId"":null},""stringValue"":""Dallas"",""children"":null},{""operation"":""OR"",""key"":null,""stringValue"":null,""children"":[{""operation"":""EQUALS"",""key"":{""type"":""IDENTITY"",""property"":""attribute.cloudLifecycleState"",""sourceId"":null},""stringValue"":""active"",""children"":null},{""operation"":""EQUALS"",""key"":{""type"":""IDENTITY"",""property"":""attribute.cloudLifecycleState"",""sourceId"":null},""stringValue"":""loa"",""children"":null}]}]},""identities"":null}",,true,true,"{""commentsRequired"":false,""denialCommentsRequired"":false,""approvalSchemes"":[{""approverType"":""OWNER"",""approverId"":null}]}","{""approvalSchemes"":[]}",[],,
962f6d48f4ca409a813ae2780ed448a3,AD Admins,2023-07-15T15:08:32.718Z,2023-07-15T15:09:16.101Z,,"{""type"":""IDENTITY"",""id"":""61d806622d474c02b312abe46cf80547"",""name"":""rthammineni.admin""}",[],"[{""id"":""3dbd5d6b04c6461fa327c520d6d8aba9"",""type"":""ACCESS_PROFILE"",""name"":""AD Admins""}]",,,true,true,"{""commentsRequired"":false,""denialCommentsRequired"":false,""approvalSchemes"":[{""approverType"":""OWNER"",""approverId"":null}]}","{""approvalSchemes"":[]}",[],,
4e3404458f024d22b2dcbac148437ceb,Manju-Test,2023-07-19T19:57:13.457Z,2023-07-19T19:58:00.993Z,,"{""type"":""IDENTITY"",""id"":""da3c58a7d0de4973a41da6392a63f179"",""name"":""mmadiraju.admin""}",[],"[{""id"":""1e777829f80e45b4b8a68ebcb8c46a68"",""type"":""ACCESS_PROFILE"",""name"":""Test""}]","{""type"":""STANDARD"",""criteria"":{""operation"":""OR"",""key"":null,""stringValue"":null,""children"":[{""operation"":""EQUALS"",""key"":{""type"":""IDENTITY"",""property"":""attribute.department"",""sourceId"":null},""stringValue"":""100001"",""children"":null}]},""identities"":null}",,false,false,"{""commentsRequired"":false,""denialCommentsRequired"":false,""approvalSchemes"":[]}","{""approvalSchemes"":[]}",[],,
9c43797ab78f4301b6dc09a949546da9,Manju-SNOW-Test,2023-07-19T21:17:58.337Z,2023-07-19T21:17:58.363Z,,"{""type"":""IDENTITY"",""id"":""da3c58a7d0de4973a41da6392a63f179"",""name"":""mmadiraju.admin""}",[],[],,,false,false,"{""commentsRequired"":false,""denialCommentsRequired"":false,""approvalSchemes"":[]}","{""approvalSchemes"":[]}",[],,
7071179890124cd68ceaa042ffc9f69f,test,2023-07-20T12:28:03.545Z,2023-07-20T12:28:03.593Z,,"{""type"":""IDENTITY"",""id"":""b89be0bed5a44673bfeed3994d88f557"",""name"":""kadalinarendra.admin""}",[],[],,,false,false,"{""commentsRequired"":false,""denialCommentsRequired"":false,""approvalSchemes"":[]}","{""approvalSchemes"":[]}",[],,
49f42689b7e64a6b841cfa945a201a7b,Zurich - Information Technology Role,2023-09-06T16:31:57.914195Z,2023-09-19T08:10:02.929078Z,This role gives IT-level access to the Active Directory application for the users belonging to the Information Technology department.,"{""type"":""IDENTITY"",""id"":""ed411eaf1201458fa718b8f9cd331f2e"",""name"":""ZR Source Owner""}",[],"[{""id"":""e26150ca4cff40fc8e630959a7191187"",""type"":""ACCESS_PROFILE"",""name"":""Zurich_Information_Technology_AP""}]","{""type"":""STANDARD"",""criteria"":{""operation"":""AND"",""key"":null,""stringValue"":null,""children"":[{""operation"":""OR"",""key"":null,""stringValue"":null,""children"":[{""operation"":""EQUALS"",""key"":{""type"":""IDENTITY"",""property"":""attribute.cloudLifecycleState"",""sourceId"":null},""stringValue"":""joiner"",""children"":null},{""operation"":""EQUALS"",""key"":{""type"":""IDENTITY"",""property"":""attribute.cloudLifecycleState"",""sourceId"":null},""stringValue"":""rehire"",""children"":null}]},{""operation"":""EQUALS"",""key"":{""type"":""ACCOUNT"",""property"":""attribute.department"",""sourceId"":""886e605f6d1442ac8ad89b3d4f93b4e4""},""stringValue"":""Information Technology"",""children"":null}]},""identities"":null}",,true,false,"{""commentsRequired"":null,""denialCommentsRequired"":null,""approvalSchemes"":[]}","{""approvalSchemes"":[]}",[],,
a9073236ff4f40229e136fd22e0e5e2a,Zurich - Finance Role,2023-09-06T16:36:56.18969Z,2023-09-19T08:10:31.689882Z,This role gives Finance-level access to the Active Directory application for the users belonging to the Finance department.,"{""type"":""IDENTITY"",""id"":""ed411eaf1201458fa718b8f9cd331f2e"",""name"":""ZR Source Owner""}",[],"[{""id"":""3afa0f36b3d341dd9ec3b002cb34c7da"",""type"":""ACCESS_PROFILE"",""name"":""Zurich_Finance_AP""}]","{""type"":""STANDARD"",""criteria"":{""operation"":""AND"",""key"":null,""stringValue"":null,""children"":[{""operation"":""OR"",""key"":null,""stringValue"":null,""children"":[{""operation"":""EQUALS"",""key"":{""type"":""IDENTITY"",""property"":""attribute.cloudLifecycleState"",""sourceId"":null},""stringValue"":""joiner"",""children"":null},{""operation"":""EQUALS"",""key"":{""type"":""IDENTITY"",""property"":""attribute.cloudLifecycleState"",""sourceId"":null},""stringValue"":""rehire"",""children"":null}]},{""operation"":""EQUALS"",""key"":{""type"":""IDENTITY"",""property"":""attribute.department"",""sourceId"":null},""stringValue"":""Finance"",""children"":null}]},""identities"":null}",,true,false,"{""commentsRequired"":null,""denialCommentsRequired"":null,""approvalSchemes"":[]}","{""approvalSchemes"":[]}",[],,
2553186e453e48e4aead3be94b48b041,Zurich - UK - Birthright Role,2023-09-13T08:19:17.512258Z,2023-09-19T08:11:17.102463Z,This role gives Birthright access on the Active Directory and UK BU applications to the ZNA BU Users.,"{""type"":""IDENTITY"",""id"":""ed411eaf1201458fa718b8f9cd331f2e"",""name"":""ZR Source Owner""}",[],"[{""id"":""52e9ae1b71f843ddb906163355d02dbf"",""type"":""ACCESS_PROFILE"",""name"":""Zurich_Joiner_Access_Profile""},{""id"":""9d5b6363eabe4c8daef2ae1583a09fd1"",""type"":""ACCESS_PROFILE"",""name"":""ZR UK Viewer AP""}]","{""type"":""STANDARD"",""criteria"":{""operation"":""AND"",""key"":null,""stringValue"":null,""children"":[{""operation"":""EQUALS"",""key"":{""type"":""ACCOUNT"",""property"":""attribute.BU"",""sourceId"":""886e605f6d1442ac8ad89b3d4f93b4e4""},""stringValue"":""UK"",""children"":null},{""operation"":""OR"",""key"":null,""stringValue"":null,""children"":[{""operation"":""EQUALS"",""key"":{""type"":""ACCOUNT"",""property"":""attribute.status"",""sourceId"":""886e605f6d1442ac8ad89b3d4f93b4e4""},""stringValue"":""active"",""children"":null},{""operation"":""EQUALS"",""key"":{""type"":""ACCOUNT"",""property"":""attribute.status"",""sourceId"":""886e605f6d1442ac8ad89b3d4f93b4e4""},""stringValue"":""rehire"",""children"":null}]}]},""identities"":null}",,true,true,"{""commentsRequired"":null,""denialCommentsRequired"":null,""approvalSchemes"":[]}","{""approvalSchemes"":[]}",[],,
e70fe47513134846a3929c11bc234fa0,Zurich - ZNA - Birthright Role,2023-09-13T08:52:29.200132Z,2023-09-19T08:11:01.196368Z,This role gives Birthright access on the Active Directory and Finance applications to the ZNA BU Users.,"{""type"":""IDENTITY"",""id"":""ed411eaf1201458fa718b8f9cd331f2e"",""name"":""ZR Source Owner""}",[],"[{""id"":""52e9ae1b71f843ddb906163355d02dbf"",""type"":""ACCESS_PROFILE"",""name"":""Zurich_Joiner_Access_Profile""},{""id"":""e760f6970a9844f0a81e2f9addd4efa9"",""type"":""ACCESS_PROFILE"",""name"":""Zurich Finance AP""}]","{""type"":""STANDARD"",""criteria"":{""operation"":""AND"",""key"":null,""stringValue"":null,""children"":[{""operation"":""NOT_EQUALS"",""key"":{""type"":""ACCOUNT"",""property"":""attribute.BU"",""sourceId"":""886e605f6d1442ac8ad89b3d4f93b4e4""},""stringValue"":""UK"",""children"":null},{""operation"":""OR"",""key"":null,""stringValue"":null,""children"":[{""operation"":""EQUALS"",""key"":{""type"":""ACCOUNT"",""property"":""attribute.status"",""sourceId"":""886e605f6d1442ac8ad89b3d4f93b4e4""},""stringValue"":""active"",""children"":null},{""operation"":""EQUALS"",""key"":{""type"":""ACCOUNT"",""property"":""attribute.status"",""sourceId"":""886e605f6d1442ac8ad89b3d4f93b4e4""},""stringValue"":""rehire"",""children"":null}]}]},""identities"":null}",,true,false,"{""commentsRequired"":null,""denialCommentsRequired"":null,""approvalSchemes"":[]}","{""approvalSchemes"":[]}",[],,
c27a439966b64eac826fe1175278e259,Test Role,2023-09-14T17:49:09.489847Z,2023-09-14T18:39:27.60141Z,Test Role,"{""type"":""IDENTITY"",""id"":""2d18d9f3e34644fab8a845b34d0fdb05"",""name"":""sunilbalasahebd.admin""}",[],"[{""id"":""c2c7d39615264dc486c13bc574a20a85"",""type"":""ACCESS_PROFILE"",""name"":""Zurich - ITAdmin""}]","{""type"":""IDENTITY_LIST"",""criteria"":null,""identities"":[{""type"":""IDENTITY"",""id"":""c6df8518a184499bbebff8a569912ebb"",""name"":""Cole.Aaronson"",""aliasName"":""Cole.Aaronson""}]}",,true,false,"{""commentsRequired"":null,""denialCommentsRequired"":null,""approvalSchemes"":[]}","{""approvalSchemes"":[]}",[],,
3b5571ce417647efb5e4818531f8732f,Zurich Important Access,2023-09-18T10:40:14.600972Z,2023-09-18T10:42:44.151113Z,Zurich Active directory Important Access,"{""type"":""IDENTITY"",""id"":""2d18d9f3e34644fab8a845b34d0fdb05"",""name"":""sunilbalasahebd.admin""}",[],"[{""id"":""fcac742c8408495ca08b048b846344af"",""type"":""ACCESS_PROFILE"",""name"":""Zurich AD Access Req""}]",,,true,true,"{""commentsRequired"":false,""denialCommentsRequired"":false,""approvalSchemes"":[{""approverType"":""OWNER"",""approverId"":null}]}","{""approvalSchemes"":[]}",[],,
afb93dff21174ed5ad27b38779232fee,CertTest Role,2023-12-13T01:03:15.697655Z,2023-12-14T01:58:49.783807Z,,"{""type"":""IDENTITY"",""id"":""ee635ec6df9a4a76b731fa946950a1ec"",""name"":""shenbavellaiyan.admin""}",[],"[{""id"":""8fdcd831a7824b1ab8fc163223ad9676"",""type"":""ACCESS_PROFILE"",""name"":""Access Profile 15""},{""id"":""4fbfd40683d74dbb95d35716ce320da2"",""type"":""ACCESS_PROFILE"",""name"":""Accounts Payable""}]","{""type"":""STANDARD"",""criteria"":{""operation"":""AND"",""key"":null,""stringValue"":null,""children"":[{""operation"":""OR"",""key"":null,""stringValue"":null,""children"":[{""operation"":""EQUALS"",""key"":{""type"":""ACCOUNT"",""property"":""attribute.accountFlags"",""sourceId"":""386f7e49a9764eb79de8233656c1eec7""},""stringValue"":""512"",""children"":null},{""operation"":""EQUALS"",""key"":{""type"":""ENTITLEMENT"",""property"":""attribute.memberOf"",""sourceId"":""386f7e49a9764eb79de8233656c1eec7""},""stringValue"":""CN=All_Users,OU=BirthRight,OU=Groups,OU=Demo,DC=seri,DC=sailpointdemo,DC=com"",""children"":null}]}]},""identities"":null}",,true,true,"{""commentsRequired"":false,""denialCommentsRequired"":false,""approvalSchemes"":[{""approverType"":""MANAGER"",""approverId"":null},{""approverType"":""GOVERNANCE_GROUP"",""approverId"":""93494c2a-85a1-4381-b200-7d28a8bef71e""}]}","{""approvalSchemes"":[]}",[],,
64243ee2c780479f9e9621c5a8a69e3d,TestITRole1,2024-01-03T06:40:48.360029Z,2024-01-03T06:44:20.872693Z,TestITRole1,"{""type"":""IDENTITY"",""id"":""d30f1381b17a4357bfc0e048aacd8098"",""name"":""dhamodharanm.admin""}",[],"[{""id"":""3dbd5d6b04c6461fa327c520d6d8aba9"",""type"":""ACCESS_PROFILE"",""name"":""AD Admins""}]","{""type"":""STANDARD"",""criteria"":{""operation"":""OR"",""key"":null,""stringValue"":null,""children"":[{""operation"":""EQUALS"",""key"":{""type"":""IDENTITY"",""property"":""attribute.city"",""sourceId"":null},""stringValue"":""Bangalore"",""children"":null}]},""identities"":null}",,false,true,"{""commentsRequired"":false,""denialCommentsRequired"":false,""approvalSchemes"":[{""approverType"":""OWNER"",""approverId"":null}]}","{""approvalSchemes"":[{""approverType"":""OWNER"",""approverId"":null}]}",[],,
182d6731c30b485fb07268059b09d051,Test IT Role2,2024-01-03T07:07:48.031955Z,2024-01-03T07:07:48.031955Z,Test IT Role2,"{""type"":""IDENTITY"",""id"":""d30f1381b17a4357bfc0e048aacd8098"",""name"":""dhamodharanm.admin""}",[],[],,,true,true,"{""commentsRequired"":null,""denialCommentsRequired"":null,""approvalSchemes"":[]}","{""approvalSchemes"":[]}",[],,
4f6ef916120646f28310866a88f2a623,Test IT Role3,2024-01-03T07:13:01.869723Z,2024-02-20T06:02:01.369259Z,Test IT Role3,"{""type"":""IDENTITY"",""id"":""d30f1381b17a4357bfc0e048aacd8098"",""name"":""dhamodharanm.admin""}","[{""id"":""5976ce650c7049d8b9227ab82dab8897"",""type"":""ENTITLEMENT"",""name"":""Test-IDN-Group1""}]","[{""id"":""8fdcd831a7824b1ab8fc163223ad9676"",""type"":""ACCESS_PROFILE"",""name"":""Access Profile 15""}]",,,true,true,"{""commentsRequired"":null,""denialCommentsRequired"":null,""approvalSchemes"":[]}","{""approvalSchemes"":[]}",[],,
1dc678ef25944441a344810963305a45,Distribution Group,2024-01-11T22:40:50.574685Z,2024-01-12T15:08:35.489281Z,Distribution Group (19th St East 6),"{""type"":""IDENTITY"",""id"":""22b712ecf1094cec9ae86c8aba4deba8"",""name"":""SailPoint Services""}",[],[],"{""type"":""STANDARD"",""criteria"":{""operation"":""AND"",""key"":null,""stringValue"":"""",""children"":[{""operation"":""CONTAINS"",""key"":{""type"":""IDENTITY"",""property"":""attribute.cloudLifecycleState"",""sourceId"":""""},""stringValue"":""active"",""children"":[]},{""operation"":""NOT_EQUALS"",""key"":{""type"":""IDENTITY"",""property"":""attribute.jobTitle"",""sourceId"":""""},""stringValue"":""Union Projectionist"",""children"":[]},{""operation"":""NOT_EQUALS"",""key"":{""type"":""IDENTITY"",""property"":""attribute.jobTitle"",""sourceId"":""""},""stringValue"":""Cook"",""children"":[]},{""operation"":""NOT_EQUALS"",""key"":{""type"":""IDENTITY"",""property"":""attribute.jobTitle"",""sourceId"":""""},""stringValue"":""BARTENDER"",""children"":[]},{""operation"":""EQUALS"",""key"":{""type"":""IDENTITY"",""property"":""attribute.adAccountAccess"",""sourceId"":""""},""stringValue"":""TRUE"",""children"":[]},{""operation"":""CONTAINS"",""key"":{""type"":""IDENTITY"",""property"":""attribute.extensionattr1"",""sourceId"":""""},""stringValue"":""21120"",""children"":[]}]},""identities"":null}",,false,false,"{""commentsRequired"":null,""denialCommentsRequired"":null,""approvalSchemes"":[]}","{""approvalSchemes"":[]}",[],,
384d32136d5a4e73af7c68ef1e3ed003,Test IT Role4,2024-01-22T13:46:40.831332Z,2024-01-22T13:46:40.831332Z,Test IT Role4,"{""type"":""IDENTITY"",""id"":""d30f1381b17a4357bfc0e048aacd8098"",""name"":""dhamodharanm.admin""}",[],[],,,true,true,"{""commentsRequired"":null,""denialCommentsRequired"":null,""approvalSchemes"":[]}","{""approvalSchemes"":[]}",[],,
058c53e7cdb64b01b276af97506eb13c,Test IT Role13,2024-01-23T05:31:33.618206Z,2024-01-23T05:31:33.618206Z,Test IT Role13,"{""type"":""IDENTITY"",""id"":""d30f1381b17a4357bfc0e048aacd8098"",""name"":""dhamodharanm.admin""}",[],[],,,true,true,"{""commentsRequired"":null,""denialCommentsRequired"":null,""approvalSchemes"":[]}","{""approvalSchemes"":[]}",[],,
277b48339d924e8fb60eac6088bd05ec,Test IT Role155,2024-02-06T16:19:37.716814Z,2024-02-06T16:19:37.716814Z,Test IT Role13,"{""type"":""IDENTITY"",""id"":""d30f1381b17a4357bfc0e048aacd8098"",""name"":""dhamodharanm.admin""}",[],[],,,true,true,"{""commentsRequired"":null,""denialCommentsRequired"":null,""approvalSchemes"":[]}","{""approvalSchemes"":[]}",[],,
8eb25991ef8b4f9699d9a3f16d57a636,role with AP,2024-02-06T16:23:39.197055Z,2024-02-06T16:23:39.197055Z,Test IT Role13,"{""type"":""IDENTITY"",""id"":""d30f1381b17a4357bfc0e048aacd8098"",""name"":""dhamodharanm.admin""}",[],"[{""id"":""fb3e21449d8c40ba89fb3a1dad2a533d"",""type"":""ACCESS_PROFILE"",""name"":""Testaccessprofile125""}]",,,true,true,"{""commentsRequired"":null,""denialCommentsRequired"":null,""approvalSchemes"":[]}","{""approvalSchemes"":[]}",[],,
9d49e7bd4f98410f92bb66fac49a8aa8,java role,2024-02-08T16:20:44.356476Z,2024-02-08T16:20:44.356476Z,Test IT Role13,"{""type"":""IDENTITY"",""id"":""d30f1381b17a4357bfc0e048aacd8098"",""name"":""dhamodharanm.admin""}",[],"[{""id"":""c46e4738bee148c889e04e3b587d94ac"",""type"":""ACCESS_PROFILE"",""name"":""javaaccessprofile5""}]",,,true,true,"{""commentsRequired"":null,""denialCommentsRequired"":null,""approvalSchemes"":[]}","{""approvalSchemes"":[]}",[],,
5cda80adfd0f4e398ac54f6ea7541b9e,java role123,2024-02-08T17:43:31.985988Z,2024-02-08T17:43:31.985988Z,Test IT Role13,"{""type"":""IDENTITY"",""id"":""d30f1381b17a4357bfc0e048aacd8098"",""name"":""dhamodharanm.admin""}",[],"[{""id"":""9eb64259515c4b98814ba81f601fa76e"",""type"":""ACCESS_PROFILE"",""name"":""javaaccessprofile55""}]",,,true,true,"{""commentsRequired"":null,""denialCommentsRequired"":null,""approvalSchemes"":[]}","{""approvalSchemes"":[]}",[],,
36149d6fd1ba41609a118f8b32721f08,java role1255,2024-02-09T06:15:20.73289Z,2024-02-09T06:15:20.73289Z,Test IT Role13,"{""type"":""IDENTITY"",""id"":""d30f1381b17a4357bfc0e048aacd8098"",""name"":""dhamodharanm.admin""}",[],"[{""id"":""dc0bb0e7ca834d9dbc2a8334c235d0f6"",""type"":""ACCESS_PROFILE"",""name"":""javaaccessprofile56""}]",,,true,true,"{""commentsRequired"":null,""denialCommentsRequired"":null,""approvalSchemes"":[]}","{""approvalSchemes"":[]}",[],,
c3e2f81d61d8467ba49a97f813c23e05,java role1257,2024-02-13T05:39:24.585631Z,2024-02-13T05:39:24.585631Z,Test IT Role13,"{""type"":""IDENTITY"",""id"":""d30f1381b17a4357bfc0e048aacd8098"",""name"":""dhamodharanm.admin""}",[],"[{""id"":""41da24a0a11e4e709583f0b9cd2bbef4"",""type"":""ACCESS_PROFILE"",""name"":""javaaccessprofile567""}]",,,true,true,"{""commentsRequired"":null,""denialCommentsRequired"":null,""approvalSchemes"":[]}","{""approvalSchemes"":[]}",[],,
e4f9b9c1a7ea45b39fcd24ed50945890,java role1258,2024-02-14T03:24:58.60733Z,2024-02-14T03:24:58.60733Z,Test IT Role13,"{""type"":""IDENTITY"",""id"":""d30f1381b17a4357bfc0e048aacd8098"",""name"":""dhamodharanm.admin""}",[],"[{""id"":""b60c88bb5d644906893c53fe628eceb9"",""type"":""ACCESS_PROFILE"",""name"":""javaaccessprofile5672""}]",,,true,true,"{""commentsRequired"":null,""denialCommentsRequired"":null,""approvalSchemes"":[]}","{""approvalSchemes"":[]}",[],,
28dc042d235d4b4aa79dba48f0fc2375,java role1259,2024-02-14T04:57:12.953605Z,2024-02-14T04:57:12.953605Z,Test IT Role13,"{""type"":""IDENTITY"",""id"":""d30f1381b17a4357bfc0e048aacd8098"",""name"":""dhamodharanm.admin""}",[],"[{""id"":""df567df7acba42de9259a2f3e74d0329"",""type"":""ACCESS_PROFILE"",""name"":""javaaccessprofile5673""}]",,,true,true,"{""commentsRequired"":null,""denialCommentsRequired"":null,""approvalSchemes"":[]}","{""approvalSchemes"":[]}",[],,
22b8ff95525340e79f1a27cf7b258c15,java role12599,2024-02-14T12:41:08.837754Z,2024-02-14T12:41:08.837754Z,Test IT Role13,"{""type"":""IDENTITY"",""id"":""d30f1381b17a4357bfc0e048aacd8098"",""name"":""dhamodharanm.admin""}",[],"[{""id"":""7a62b40862d34eeb99e86fd72b25bb8b"",""type"":""ACCESS_PROFILE"",""name"":""javaaccessprofile5674""}]",,,true,true,"{""commentsRequired"":null,""denialCommentsRequired"":null,""approvalSchemes"":[]}","{""approvalSchemes"":[]}",[],,
922853245089445e89f74c0d8d74fcbc,Accounts Payable Analyst - IEC,2024-02-18T14:23:38.553823Z,2024-02-24T17:26:11.705562Z,,"{""type"":""IDENTITY"",""id"":""61d806622d474c02b312abe46cf80547"",""name"":""rthammineni.admin""}","[{""id"":""1b8d938780af488d8315ae9b0ca4009c"",""type"":""ENTITLEMENT"",""name"":""TR4""}]","[{""id"":""b5273e4fe5a74479986aaf512daa3930"",""type"":""ACCESS_PROFILE"",""name"":""AP System - IEC""}]","{""type"":""STANDARD"",""criteria"":{""operation"":""OR"",""key"":null,""stringValue"":null,""children"":[{""operation"":""AND"",""key"":null,""stringValue"":null,""children"":[{""operation"":""EQUALS"",""key"":{""type"":""IDENTITY"",""property"":""attribute.department"",""sourceId"":null},""stringValue"":""Accounting"",""children"":null},{""operation"":""EQUALS"",""key"":{""type"":""IDENTITY"",""property"":""attribute.title"",""sourceId"":null},""stringValue"":""AP Analyst"",""children"":null}]}]},""identities"":null}",,true,true,"{""commentsRequired"":null,""denialCommentsRequired"":null,""approvalSchemes"":[]}","{""approvalSchemes"":[]}",[],,
f01b4ab3e2944d929ff90c6ca6bb2f62,IT Level 1-2 Personnel - IEC,2024-02-24T17:29:08.923185Z,2024-02-24T18:10:47.803503Z,,"{""type"":""IDENTITY"",""id"":""602bdadf74ea4139a46cc2c31dffebcf"",""name"":""Aaron.Nichols""}",[],"[{""id"":""4f6e6c0f796a4eac833e613fa158b1cb"",""type"":""ACCESS_PROFILE"",""name"":""IT Support - IEC""}]","{""type"":""STANDARD"",""criteria"":{""operation"":""OR"",""key"":null,""stringValue"":null,""children"":[{""operation"":""EQUALS"",""key"":{""type"":""IDENTITY"",""property"":""attribute.department"",""sourceId"":null},""stringValue"":""Information Technology"",""children"":null}]},""identities"":null}",,true,false,"{""commentsRequired"":null,""denialCommentsRequired"":null,""approvalSchemes"":[]}","{""approvalSchemes"":[]}",[],,
751ca19e3d494b2bb68db8cf2f9996fc,IT Level 1-2 Personnel,2024-02-24T18:03:26.484314Z,2024-02-24T18:05:24.990895Z,,"{""type"":""IDENTITY"",""id"":""602bdadf74ea4139a46cc2c31dffebcf"",""name"":""Aaron.Nichols""}",[],[],,,true,false,"{""commentsRequired"":null,""denialCommentsRequired"":null,""approvalSchemes"":[]}","{""approvalSchemes"":[]}",[],,
b378a51dddb94938bd5c165bf63fb781,Treasury Analyst - IEC,2024-02-24T22:15:16.30414Z,2024-02-24T22:16:35.883563Z,,"{""type"":""IDENTITY"",""id"":""af14c71f8cd44febb3c239baaa3ffd02"",""name"":""Catherine.Simmons1""}",[],"[{""id"":""e1c678e7a3274cc68ffd510ed995549c"",""type"":""ACCESS_PROFILE"",""name"":""Treasury Analyst - IEC""}]",,,true,true,"{""commentsRequired"":false,""denialCommentsRequired"":false,""approvalSchemes"":[{""approverType"":""MANAGER"",""approverId"":null}]}","{""approvalSchemes"":[]}",[],,
b61dd0c2cb454809abac9a7e6820ec09,newjavaroleforDemo,2024-03-04T17:52:49.093787Z,2024-03-04T17:52:49.093787Z,Test IT Role131222,"{""type"":""IDENTITY"",""id"":""d30f1381b17a4357bfc0e048aacd8098"",""name"":""dhamodharanm.admin""}",[],"[{""id"":""64098481e6d34198bb43a8786a8c1e6b"",""type"":""ACCESS_PROFILE"",""name"":""newaccessprofileforDemo""}]",,,true,true,"{""commentsRequired"":null,""denialCommentsRequired"":null,""approvalSchemes"":[]}","{""approvalSchemes"":[]}",[],,
9d2cc0d7373049febdfbc4fbcc99ae2d,newjavaroleforDemo12,2024-03-05T06:50:49.101919Z,2024-03-05T06:50:49.101919Z,Test IT Role131222,"{""type"":""IDENTITY"",""id"":""d30f1381b17a4357bfc0e048aacd8098"",""name"":""dhamodharanm.admin""}",[],"[{""id"":""3400c40233344689a67d05540f4d68fd"",""type"":""ACCESS_PROFILE"",""name"":""newaccessprofileforDemo12""}]",,,true,true,"{""commentsRequired"":null,""denialCommentsRequired"":null,""approvalSchemes"":[]}","{""approvalSchemes"":[]}",[],,
3a4f99c87b7c4878be00caf1d7e6485d,newjavaroleforDemo13,2024-03-05T07:38:08.156377Z,2024-03-05T07:38:08.156377Z,Test IT Role131222,"{""type"":""IDENTITY"",""id"":""d30f1381b17a4357bfc0e048aacd8098"",""name"":""dhamodharanm.admin""}",[],"[{""id"":""8b0865db5b87443e8e1b5acf85c3f6db"",""type"":""ACCESS_PROFILE"",""name"":""newaccessprofileforDemo13""}]",,,true,true,"{""commentsRequired"":null,""denialCommentsRequired"":null,""approvalSchemes"":[]}","{""approvalSchemes"":[]}",[],,
ca444973cdfd4153850c6b369e25cb7b,newjavaroleforDemo14,2024-03-05T07:49:02.2948Z,2024-03-05T07:49:02.2948Z,Test IT Role131222,"{""type"":""IDENTITY"",""id"":""d30f1381b17a4357bfc0e048aacd8098"",""name"":""dhamodharanm.admin""}",[],"[{""id"":""9206dcc18771460dabd9a91bb8a6d0ce"",""type"":""ACCESS_PROFILE"",""name"":""newaccessprofileforDemo14""}]",,,true,true,"{""commentsRequired"":null,""denialCommentsRequired"":null,""approvalSchemes"":[]}","{""approvalSchemes"":[]}",[],,
b0652575e9804cdf8098d0172aeae2a5,newjavaroleforDemo15,2024-03-05T08:58:08.375891Z,2024-03-05T08:58:08.375891Z,Test IT Role131222,"{""type"":""IDENTITY"",""id"":""d30f1381b17a4357bfc0e048aacd8098"",""name"":""dhamodharanm.admin""}",[],"[{""id"":""064b6099284d49059c9d2c2489821c0b"",""type"":""ACCESS_PROFILE"",""name"":""newaccessprofileforDemo15""}]",,,true,true,"{""commentsRequired"":null,""denialCommentsRequired"":null,""approvalSchemes"":[]}","{""approvalSchemes"":[]}",[],,
2895e8db88574747bb2b57305bb1b2bd,newjavaroleforDemo16,2024-03-05T09:02:44.507912Z,2024-03-05T09:02:44.507912Z,Test IT Role131222,"{""type"":""IDENTITY"",""id"":""d30f1381b17a4357bfc0e048aacd8098"",""name"":""dhamodharanm.admin""}",[],"[{""id"":""d1bdc106627d4d52b7faa6be9b72e1b0"",""type"":""ACCESS_PROFILE"",""name"":""newaccessprofileforDemo16""}]",,,true,true,"{""commentsRequired"":null,""denialCommentsRequired"":null,""approvalSchemes"":[]}","{""approvalSchemes"":[]}",[],,
38c7c23490304a0da28cc515c519c63e,newjavaroleforDemo142,2024-03-06T16:06:06.84483Z,2024-03-06T16:06:06.84483Z,Test IT Role131222,"{""type"":""IDENTITY"",""id"":""d30f1381b17a4357bfc0e048aacd8098"",""name"":""dhamodharanm.admin""}",[],"[{""id"":""da2832afea0643e99c15f3fded83b2cd"",""type"":""ACCESS_PROFILE"",""name"":""newaccessprofileforDemocom1""}]",,,true,true,"{""commentsRequired"":null,""denialCommentsRequired"":null,""approvalSchemes"":[]}","{""approvalSchemes"":[]}",[],,
5c2a62b7787f44fda0b4877a7185672c,newjavaroleforDemo143,2024-03-07T06:06:03.117946Z,2024-03-07T06:06:03.117946Z,Test IT Role131222,"{""type"":""IDENTITY"",""id"":""d30f1381b17a4357bfc0e048aacd8098"",""name"":""dhamodharanm.admin""}",[],"[{""id"":""b0026e6a825744fea3b06405bb96cee2"",""type"":""ACCESS_PROFILE"",""name"":""newaccessprofileforDemocom2""}]",,,true,true,"{""commentsRequired"":null,""denialCommentsRequired"":null,""approvalSchemes"":[]}","{""approvalSchemes"":[]}",[],,
e4c3b87859214a74bf5df8e6528f4fe4,FirstRole_1000,2024-03-08T19:25:51.511428Z,2024-03-08T19:25:51.511428Z,Test IT Role131222,"{""type"":""IDENTITY"",""id"":""d30f1381b17a4357bfc0e048aacd8098"",""name"":""dhamodharanm.admin""}",[],"[{""id"":""0233cdef68624e4bb941d2415a255421"",""type"":""ACCESS_PROFILE"",""name"":""accessprofile_1001""}]",,,true,true,"{""commentsRequired"":null,""denialCommentsRequired"":null,""approvalSchemes"":[]}","{""approvalSchemes"":[]}",[],,
01e4e12926b24395912c02f676e3262b,FirstRole_1001,2024-03-08T19:25:52.407701Z,2024-03-08T19:25:52.407701Z,Test IT Role131222,"{""type"":""IDENTITY"",""id"":""d30f1381b17a4357bfc0e048aacd8098"",""name"":""dhamodharanm.admin""}",[],"[{""id"":""1e87ed4f771942878f09e2b96cba9981"",""type"":""ACCESS_PROFILE"",""name"":""accessprofile_1002""}]",,,true,true,"{""commentsRequired"":null,""denialCommentsRequired"":null,""approvalSchemes"":[]}","{""approvalSchemes"":[]}",[],,
e406c68a394b4615a4b0d84581efe5c2,FirstRole_1002,2024-03-08T19:25:53.279463Z,2024-03-08T19:25:53.279463Z,Test IT Role131222,"{""type"":""IDENTITY"",""id"":""d30f1381b17a4357bfc0e048aacd8098"",""name"":""dhamodharanm.admin""}",[],"[{""id"":""73e87e5b42224d3183c81398abaffb0d"",""type"":""ACCESS_PROFILE"",""name"":""accessprofile_1003""}]",,,true,true,"{""commentsRequired"":null,""denialCommentsRequired"":null,""approvalSchemes"":[]}","{""approvalSchemes"":[]}",[],,
2e56a8ce5185481d9844b4a67bc852db,FirstRole_1004,2024-03-11T12:58:04.715647Z,2024-03-11T12:58:04.715647Z,Test IT Role131222,"{""type"":""IDENTITY"",""id"":""d30f1381b17a4357bfc0e048aacd8098"",""name"":""dhamodharanm.admin""}",[],"[{""id"":""c13e8e64869f4a3fba94f61d4796c7ba"",""type"":""ACCESS_PROFILE"",""name"":""accessprofile_1005""}]",,,true,true,"{""commentsRequired"":null,""denialCommentsRequired"":null,""approvalSchemes"":[]}","{""approvalSchemes"":[]}",[],,
31fc57df03164d9590d53416d70bd5d4,newRole_1003,2024-03-11T13:03:44.46504Z,2024-03-11T13:03:44.46504Z,Test IT Role131222,"{""type"":""IDENTITY"",""id"":""d30f1381b17a4357bfc0e048aacd8098"",""name"":""dhamodharanm.admin""}",[],"[{""id"":""b99fd06b48584a0dbaabda2cc8065b37"",""type"":""ACCESS_PROFILE"",""name"":""newaccessprofile_1003""}]",,,true,true,"{""commentsRequired"":null,""denialCommentsRequired"":null,""approvalSchemes"":[]}","{""approvalSchemes"":[]}",[],,
5da5ff311cef4b79801c2a0c3b1e6e55,newRole_1002,2024-03-11T13:03:45.394518Z,2024-03-11T13:03:45.394518Z,Test IT Role131222,"{""type"":""IDENTITY"",""id"":""d30f1381b17a4357bfc0e048aacd8098"",""name"":""dhamodharanm.admin""}",[],"[{""id"":""70cf8bf84648483f90803a47d67555b2"",""type"":""ACCESS_PROFILE"",""name"":""newaccessprofile_1002""}]",,,true,true,"{""commentsRequired"":null,""denialCommentsRequired"":null,""approvalSchemes"":[]}","{""approvalSchemes"":[]}",[],,
6b32e8b933fd4eba9a1f249cf0ea4a1d,newRole_1001,2024-03-11T13:03:46.228571Z,2024-03-11T13:03:46.228571Z,Test IT Role131222,"{""type"":""IDENTITY"",""id"":""d30f1381b17a4357bfc0e048aacd8098"",""name"":""dhamodharanm.admin""}",[],"[{""id"":""87f528878bd5438696a8a0be9c533f37"",""type"":""ACCESS_PROFILE"",""name"":""newaccessprofile_1001""}]",,,true,true,"{""commentsRequired"":null,""denialCommentsRequired"":null,""approvalSchemes"":[]}","{""approvalSchemes"":[]}",[],,
78f1aea879344855909471e0dbe55407,Test IT Role AP1,2024-03-12T20:16:11.807096Z,2024-03-12T20:16:11.807096Z,Role Migration,"{""type"":""IDENTITY"",""id"":""d30f1381b17a4357bfc0e048aacd8098"",""name"":""dhamodharanm.admin""}",[],"[{""id"":""e7765063a7b2484293c228ba2f74e8d4"",""type"":""ACCESS_PROFILE"",""name"":""Test IT Role AP1""}]",,,true,true,"{""commentsRequired"":null,""denialCommentsRequired"":null,""approvalSchemes"":[]}","{""approvalSchemes"":[]}",[],,
de74440600c74548abaad8261e398835,Test IT Role AP1_123,2024-03-13T06:53:17.730056Z,2024-03-13T06:53:17.730056Z,Role Migration,"{""type"":""IDENTITY"",""id"":""d30f1381b17a4357bfc0e048aacd8098"",""name"":""dhamodharanm.admin""}",[],"[{""id"":""0b5614ffb939435a85510f7bbd5820ff"",""type"":""ACCESS_PROFILE"",""name"":""Test IT Role AP1_123""}]",,,true,true,"{""commentsRequired"":null,""denialCommentsRequired"":null,""approvalSchemes"":[]}","{""approvalSchemes"":[]}",[],,
aa90c9593a684372a2075c7e2132751e,Test IT Role AP1_126,2024-03-13T14:25:30.398763Z,2024-03-13T14:25:30.398763Z,Role Migration,"{""type"":""IDENTITY"",""id"":""d30f1381b17a4357bfc0e048aacd8098"",""name"":""dhamodharanm.admin""}",[],"[{""id"":""09f9301337954a83a3d6aff6d60f3e81"",""type"":""ACCESS_PROFILE"",""name"":""Test IT Role AP1_126""}]",,,true,true,"{""commentsRequired"":null,""denialCommentsRequired"":null,""approvalSchemes"":[]}","{""approvalSchemes"":[]}",[],,
be822acf91244e4f95dc4946a0927ee7,Test IT Role AP1_127,2024-03-13T14:35:15.303564Z,2024-03-13T14:35:15.303564Z,Role Migration,"{""type"":""IDENTITY"",""id"":""d30f1381b17a4357bfc0e048aacd8098"",""name"":""dhamodharanm.admin""}",[],"[{""id"":""441a2dda45514d4e985e01de80045796"",""type"":""ACCESS_PROFILE"",""name"":""Test IT Role AP1_127""}]",,,true,true,"{""commentsRequired"":null,""denialCommentsRequired"":null,""approvalSchemes"":[]}","{""approvalSchemes"":[]}",[],,
ecc5aea766114f6e9c8c04c6891f88fc,Test IT Role AP1_129,2024-03-14T06:25:26.289099Z,2024-03-14T06:25:26.289099Z,Role Migration,"{""type"":""IDENTITY"",""id"":""d30f1381b17a4357bfc0e048aacd8098"",""name"":""dhamodharanm.admin""}",[],"[{""id"":""2b543a352e6d4aceb566c4f39a8dd06d"",""type"":""ACCESS_PROFILE"",""name"":""Test IT Role AP1_129""}]",,,true,true,"{""commentsRequired"":null,""denialCommentsRequired"":null,""approvalSchemes"":[]}","{""approvalSchemes"":[]}",[],,
3f3b43061519424c809dd7dfe367f5ba,Test IT Role AP1_130,2024-03-14T13:09:00.304489Z,2024-03-14T13:09:00.304489Z,Role Migration,"{""type"":""IDENTITY"",""id"":""d30f1381b17a4357bfc0e048aacd8098"",""name"":""dhamodharanm.admin""}",[],"[{""id"":""b5fc1ff457414de0a924547870a1715f"",""type"":""ACCESS_PROFILE"",""name"":""Test IT Role AP1_130""}]",,,true,true,"{""commentsRequired"":null,""denialCommentsRequired"":null,""approvalSchemes"":[]}","{""approvalSchemes"":[]}",[],,
e5ea0fac50be452a9789353095699332,Test IT Role AP1_131,2024-03-15T02:47:44.91873Z,2024-03-15T02:47:44.91873Z,Role Migration,"{""type"":""IDENTITY"",""id"":""d30f1381b17a4357bfc0e048aacd8098"",""name"":""dhamodharanm.admin""}",[],"[{""id"":""eb8e0a2ed4274c9492dc06ba0e29cc45"",""type"":""ACCESS_PROFILE"",""name"":""Test IT Role AP1_131""}]",,,true,true,"{""commentsRequired"":null,""denialCommentsRequired"":null,""approvalSchemes"":[]}","{""approvalSchemes"":[]}",[],,
814ac6e18c5a4ecf91ec434a10af140e,Test IT Role AP1_132,2024-03-15T09:19:45.625901Z,2024-03-15T09:19:45.625901Z,Role Migration,"{""type"":""IDENTITY"",""id"":""d30f1381b17a4357bfc0e048aacd8098"",""name"":""dhamodharanm.admin""}",[],"[{""id"":""cd98e61123664ead853e21de6110f971"",""type"":""ACCESS_PROFILE"",""name"":""Test IT Role AP1_132""}]",,,true,true,"{""commentsRequired"":null,""denialCommentsRequired"":null,""approvalSchemes"":[]}","{""approvalSchemes"":[]}",[],,
066e565dc06f4c31aabe7fc6fb39b8a0,Test IT Role AP1_133,2024-03-17T10:47:33.462709Z,2024-03-17T10:47:33.462709Z,Role Migration,"{""type"":""IDENTITY"",""id"":""d30f1381b17a4357bfc0e048aacd8098"",""name"":""dhamodharanm.admin""}",[],"[{""id"":""82ca4a9599c3468f9d9c70716681c6ae"",""type"":""ACCESS_PROFILE"",""name"":""Test IT Role AP1_133""}]",,,true,true,"{""commentsRequired"":null,""denialCommentsRequired"":null,""approvalSchemes"":[]}","{""approvalSchemes"":[]}",[],,