description,ownerRef,externalPolicyReference,policyQuery,compensatingControls,correctionAdvice,tags,state,scheduled,creatorId,modifierId,violationOwnerAssignmentConfig,type,conflictingAccessCriteria,id,name,created,modified
Separation od Duties policy to find identities that have both the Vendor Creation and Accounts Payable entitlements.,"{""type"":""GOVERNANCE_GROUP"",""id"":""f661c06d-5225-4881-8470-1242acb2c042"",""name"":""Finance Approvers""}",internal.business.com/financials.html,@access(id:3de19e5a7ba34033867b3f8be75ffe9a) AND @access(id:258d53084ca04abc940bf0ff49af200f),,Remove Vendor Creation unless this is their primary role,FINANCE,ENFORCED,true,3ab29f65c7754e52ab9b59ea80ba20ab,,"{""assignmentRule"":""STATIC"",""ownerRef"":{""type"":""GOVERNANCE_GROUP"",""id"":""f661c06d-5225-4881-8470-1242acb2c042"",""name"":""Finance Approvers""}}",CONFLICTING_ACCESS_BASED,"{""leftCriteria"":{""name"":""Vendor Creators"",""criteriaList"":[{""type"":""ENTITLEMENT"",""id"":""3de19e5a7ba34033867b3f8be75ffe9a"",""name"":""VendorCreation""}]},""rightCriteria"":{""name"":""Accounts Payable"",""criteriaList"":[{""type"":""ENTITLEMENT"",""id"":""258d53084ca04abc940bf0ff49af200f"",""name"":""Account Payable""}]}}",c3cd2058-c4c1-4aed-984c-e0720d6c6e09,Verify for Conflicting Finance Access,2023-11-14T21:07:01Z,2023-11-14T21:13:29Z
Former contractors who have converted to regular employees should not retain contractor access.,"{""type"":""IDENTITY"",""id"":""c5af438046714ee1ac3fc2a2685c08c8"",""name"":""brent.mccormick""}",,"@access(name:""Contractor Base Access"") AND NOT identityProfile.name:Contractors","Review conversion date, determine whether Contractor access is still required",Revoke contractor access as soon as no longer required,[],NOT_ENFORCED,false,c3c5c454ee3f44218250aa3b47dae2e2,881c5ff10af9459d8ceac4070bfb778f,"{""assignmentRule"":""MANAGER"",""ownerRef"":null}",GENERAL,,2300653c-0c75-4b1b-92f5-16143608f4b9,Regular Employees with Contractor Access,2023-05-02T06:02:20Z,2023-09-19T10:00:59Z
Policy to locate personnel who do not have a manager defined in identity data,"{""type"":""IDENTITY"",""id"":""61d806622d474c02b312abe46cf80547"",""name"":""rthammineni.admin""}",,NOT _exists_:manager,Permitted with Finance Director approval,Permitted with Finance Director approval,DATA_QUALITY,NOT_ENFORCED,false,61d806622d474c02b312abe46cf80547,881c5ff10af9459d8ceac4070bfb778f,"{""assignmentRule"":""STATIC"",""ownerRef"":{""type"":""IDENTITY"",""id"":""61d806622d474c02b312abe46cf80547"",""name"":""rthammineni.admin""}}",GENERAL,,d0b56a90-f292-490f-bc03-372c3ea0f6d2,Permitted with Finance Director approval,2023-07-16T19:23:16Z,2023-09-19T10:00:53Z
Non-IT Users with Privileged System Access,"{""type"":""IDENTITY"",""id"":""c5af438046714ee1ac3fc2a2685c08c8"",""name"":""brent.mccormick""}",https://my.sharepointonline.com/policies/abcxyz,@access(name:WindowsAdministration) AND NOT attributes.Department:IT,Users with SOD violations are subject to ...,Choose one,"INTERNALCONTROL237,SOX",NOT_ENFORCED,false,c3c5c454ee3f44218250aa3b47dae2e2,881c5ff10af9459d8ceac4070bfb778f,"{""assignmentRule"":""MANAGER"",""ownerRef"":null}",GENERAL,,ecb3ae8e-84dc-49c0-90c9-6a6f4a10a5b7,Non-IT Users with Privileged System Access,2023-05-02T06:02:29Z,2023-09-19T10:00:44Z
No Manager Assigned,"{""type"":""IDENTITY"",""id"":""c5af438046714ee1ac3fc2a2685c08c8"",""name"":""brent.mccormick""}",,NOT _exists_:manager.id,Assign a manager,Assign a manager,[],NOT_ENFORCED,false,c3c5c454ee3f44218250aa3b47dae2e2,881c5ff10af9459d8ceac4070bfb778f,"{""assignmentRule"":null,""ownerRef"":null}",GENERAL,,aba493f4-f16e-43cd-923e-d685eea60c01,No Manager Assigned,2023-05-02T06:02:28Z,2023-09-19T10:00:39Z
Contractors with a CyberArk Account,"{""type"":""IDENTITY"",""id"":""c5af438046714ee1ac3fc2a2685c08c8"",""name"":""brent.mccormick""}",https://my.sharepointonline.com/somecompany/policies/contractors,"@accounts(source.name:""CyberArk"") AND identityProfile.name:""Contractors""","ACME Corp does not allow for contractors to have CyberArk access. In accordance, this individual must go through additional screening for ABCXYZ.",Remove access when no longer appropriate.,"CONTROLX,NIST",NOT_ENFORCED,false,c3c5c454ee3f44218250aa3b47dae2e2,881c5ff10af9459d8ceac4070bfb778f,"{""assignmentRule"":""MANAGER"",""ownerRef"":null}",GENERAL,,60d1a905-7813-4ef3-ab9e-f224f32a1741,Contractors with a CyberArk Account,2023-05-02T06:02:12Z,2023-09-19T10:00:28Z
Admin Accountants,"{""type"":""IDENTITY"",""id"":""c5af438046714ee1ac3fc2a2685c08c8"",""name"":""brent.mccormick""}",https://my.sharepointonline.com/references/myurl,"attributes.department:""Accounting"" AND @access(""WindowsAdministration"")","Accountants with Administrative rights must have MFA and be a part of a regular review of access (certification). Additionally, privileged credentials must be accessed through our PAM provider.","When no longer appropriate, please revoke the administrative credentials from the individual.","CUSTOM123,SOX,INTERNALCONTROLS",NOT_ENFORCED,false,c3c5c454ee3f44218250aa3b47dae2e2,881c5ff10af9459d8ceac4070bfb778f,"{""assignmentRule"":""MANAGER"",""ownerRef"":null}",GENERAL,,90d8cb88-dc35-4251-b06f-3ad429dff35a,Admin Accountants,2023-05-02T06:02:10Z,2023-09-19T10:00:22Z
This policy looks across multiple applications for Accounts Receivable and Payable conflicts in accordance with SOX 2.0 compliance controls.,"{""type"":""IDENTITY"",""id"":""c5af438046714ee1ac3fc2a2685c08c8"",""name"":""brent.mccormick""}",https://www.sec.gov/info/smallbus/404guide/intro.shtml,@access(id:2fc9af3e487e4e04ba3a3ffa4bec8b08) AND @access(id:84cc7d06fb47446aa4724eb8d55a77a5),Manager daily review - check for unauthorized supplier creation and review of daily transactions.,Remove one of the Cash In or Cash Out conflicts or get VP approval.,"ACCOUNTING,VIOLATION_SOD,SOX",NOT_ENFORCED,false,c3c5c454ee3f44218250aa3b47dae2e2,881c5ff10af9459d8ceac4070bfb778f,"{""assignmentRule"":""MANAGER"",""ownerRef"":null}",CONFLICTING_ACCESS_BASED,"{""leftCriteria"":{""name"":""Money_In"",""criteriaList"":[{""type"":""ENTITLEMENT"",""id"":""2fc9af3e487e4e04ba3a3ffa4bec8b08"",""name"":""AccountsPayable""}]},""rightCriteria"":{""name"":""Money_Out"",""criteriaList"":[{""type"":""ENTITLEMENT"",""id"":""84cc7d06fb47446aa4724eb8d55a77a5"",""name"":""AccountsReceivable""}]}}",cea7d7bd-e33a-4952-a022-789881d04a9c,Money In & Money Out,2023-05-02T06:02:26Z,2023-09-15T16:16:35Z
Policy to enforce that an Invoice Creator does not also have the ability to pay invoices,"{""type"":""IDENTITY"",""id"":""c5af438046714ee1ac3fc2a2685c08c8"",""name"":""brent.mccormick""}", http://acme.policies/sod,@access(id:bbf100cbc61b419ea0c3e9098b7cb362) AND @access(id:ed7ef8650c794f458633b6ec7b2356e6),"No employee will have sole authority of or responsibility for control to create and approve invoices.

 An employee cannot serve as both the creator and approver for the same invoice review under a contract or order.",Deny or remove access upon discovery of conflicting access unless VP approved or time limited access not to exceed 24 hours,"SOD,VIOLATION_SOD,SOX",NOT_ENFORCED,false,c3c5c454ee3f44218250aa3b47dae2e2,881c5ff10af9459d8ceac4070bfb778f,"{""assignmentRule"":null,""ownerRef"":null}",CONFLICTING_ACCESS_BASED,"{""leftCriteria"":{""name"":""Invoice Create"",""criteriaList"":[{""type"":""ENTITLEMENT"",""id"":""bbf100cbc61b419ea0c3e9098b7cb362"",""name"":""CreateInvoices""}]},""rightCriteria"":{""name"":""Invoice Approve"",""criteriaList"":[{""type"":""ENTITLEMENT"",""id"":""ed7ef8650c794f458633b6ec7b2356e6"",""name"":""ProcessInvoices""}]}}",40327418-52b7-44ef-b539-2ba7073be28d,Invoice Creation and Approval Control,2023-05-02T06:02:23Z,2023-09-15T16:16:21Z
Developer Administrator Violation,"{""type"":""IDENTITY"",""id"":""c5af438046714ee1ac3fc2a2685c08c8"",""name"":""brent.mccormick""}",See section 23 of Employee Handbook on Data Handling,@access(id:af32d632d9ff46e9854ef623fd168f0a OR id:c82546bbc19a4999a506672d1e05400d) AND @access(id:217303041a2648d0a8e241f4fd3f70d1 OR id:25e4b21fd24449a8b87e527c1aa43f70 OR id:a34a16cfc8eb4eb3bca4c9221b2805e2),Controls go here,Advice goes here,CUSTOM123,NOT_ENFORCED,false,c3c5c454ee3f44218250aa3b47dae2e2,881c5ff10af9459d8ceac4070bfb778f,"{""assignmentRule"":""MANAGER"",""ownerRef"":null}",CONFLICTING_ACCESS_BASED,"{""leftCriteria"":{""name"":""Administrator"",""criteriaList"":[{""type"":""ENTITLEMENT"",""id"":""af32d632d9ff46e9854ef623fd168f0a"",""name"":""SysAdministration""},{""type"":""ENTITLEMENT"",""id"":""c82546bbc19a4999a506672d1e05400d"",""name"":""Admins""}]},""rightCriteria"":{""name"":""Developer"",""criteriaList"":[{""type"":""ENTITLEMENT"",""id"":""a34a16cfc8eb4eb3bca4c9221b2805e2"",""name"":"" camsailpoint-devops-user""},{""type"":""ENTITLEMENT"",""id"":""25e4b21fd24449a8b87e527c1aa43f70"",""name"":""Azure DevOps Administrator""},{""type"":""ENTITLEMENT"",""id"":""217303041a2648d0a8e241f4fd3f70d1"",""name"":""Development""}]}}",53ddb6de-2e86-48e8-b280-c32f542e3f51,Developer Administrator Violation,2023-05-02T06:02:18Z,2023-09-15T16:15:52Z
Check for Conflicts with Finance Access,"{""type"":""GOVERNANCE_GROUP"",""id"":""f661c06d-5225-4881-8470-1242acb2c042"",""name"":""Finance Approvers""}",internal.acme.com/financials.html,@access(id:3de19e5a7ba34033867b3f8be75ffe9a) AND @access(id:258d53084ca04abc940bf0ff49af200f),Permitted with Finance Director approval,Permitted with Finance Director approval,[],NOT_ENFORCED,false,61d806622d474c02b312abe46cf80547,881c5ff10af9459d8ceac4070bfb778f,"{""assignmentRule"":""STATIC"",""ownerRef"":{""type"":""GOVERNANCE_GROUP"",""id"":""f661c06d-5225-4881-8470-1242acb2c042"",""name"":""Finance Approvers""}}",CONFLICTING_ACCESS_BASED,"{""leftCriteria"":{""name"":""Vendor Creators"",""criteriaList"":[{""type"":""ENTITLEMENT"",""id"":""3de19e5a7ba34033867b3f8be75ffe9a"",""name"":""VendorCreation""}]},""rightCriteria"":{""name"":""Accounts Payable"",""criteriaList"":[{""type"":""ENTITLEMENT"",""id"":""258d53084ca04abc940bf0ff49af200f"",""name"":""Account Payable""}]}}",6efba603-6880-4d5b-aed1-5e4b490e6dcd,Check for Conflicts with Finance Access,2023-07-16T19:11:56Z,2023-09-15T16:15:31Z