id,name,description,deadline,type,status,correlatedStatus,emailNotificationEnabled,autoRevokeAllowed,recommendationsEnabled,created,totalCertifications,completedCertifications,alerts
0da5803ef0cf45208dc2c40b1a2ad29b,Accounts Role Certification,Accounts Role Certification,,ROLE_COMPOSITION,STAGED,CORRELATED,false,false,true,2024-04-05T15:55:04.763Z,1,0,
10b39c7682c84b54aca8c8aede815e89,PRISM Certification Campaign,Prism Account Access,2023-07-02T05:56:13.751Z,SEARCH,STAGED,CORRELATED,false,false,false,2023-05-02T05:56:14.636Z,1,0,
1acd0b601c4f4495a56ae1cd562345f7,Test Omkar 1,Test Omkar 1,2023-09-25T11:15:10Z,SEARCH,ACTIVE,CORRELATED,false,false,true,2023-09-18T11:06:51.852Z,1,0,
2145ce371f9c4f91a9e06ec566260297,Zurich Mgr Certification,Zurich Mgr Certification,2023-09-15T08:27:03.482Z,SEARCH,STAGED,CORRELATED,true,false,true,2023-09-08T08:27:03.490Z,4,0,
382c884aa7624baebad2ad03860e9f4c,Demo Test Campaign1,Demo Test Campaign1,2023-10-02T10:50:08Z,SEARCH,ACTIVE,CORRELATED,false,false,true,2023-09-18T10:49:47.434Z,1,0,
41043efa0b8d44e3b1a4bb5305110f69,Zurich-Test Outliers2,Zurich-Test Outliers,2023-09-20T06:53Z,SEARCH,ACTIVE,CORRELATED,false,false,true,2023-09-13T06:51:43.426Z,1,0,
4b3c0eb127ab41a0969e054290f476dd,Campaign Test,Testing the campaign,2023-07-06T06:00Z,SOURCE_OWNER,STAGED,CORRELATED,false,false,true,2023-06-22T17:18:56.204Z,1,0,
5149de9156a64e0baf30d376c8c5c3bd,Zurich Demo1,zurich demo1,2023-09-28T12:10:29Z,SEARCH,ACTIVE,CORRELATED,false,false,true,2023-09-14T12:09:29.584Z,2,0,
5cde99f1fea240fa9898e53f0bb5d13a,SOX qwbui,SOX qwbui,2023-09-22T11:57:45Z,SEARCH,ACTIVE,CORRELATED,false,false,true,2023-09-15T11:57:06.442Z,2,0,
731d4a11934848648ee4897f49c32d5a,Certify Zurich Demo 3 Campaign,Certify Zurich Demo 3 Campaign,2023-09-28T15:56:11Z,SEARCH,ACTIVE,CORRELATED,false,false,true,2023-09-14T15:55:11.821Z,2,0,
73a8a726c2c54320a8dade7fce8ad055,AD Atlanta Lab Source Owner Certification,AD Atlanta Lab Source Owner Certification,2024-03-25T06:00Z,SOURCE_OWNER,STAGED,CORRELATED,true,false,true,2024-03-10T18:23:55.573Z,1,0,
768fb68816814bdc80a7e0b0f5b2dd7c,Certify Zurich Active Directory Access,Certify Zurich Active Directory specific high privilege entitlement Access.,2023-10-02T10:23:03Z,SEARCH,ACTIVE,CORRELATED,false,false,true,2023-09-18T10:22:48.745Z,1,0,
83425570db9340cf8c7254f7cb80695b,SOX AD- Q4 review,SOX AD- Q4 review,2023-09-22T16:31:21Z,SEARCH,ACTIVE,CORRELATED,false,false,true,2023-09-15T16:30:27.740Z,2,0,
83a08bb024f945dc9db2165ff12bef42,Quarterly Manager Review,Quarterly Manager Review,2023-07-02T05:56:13.751Z,SEARCH,STAGED,CORRELATED,false,false,false,2023-05-02T05:56:13.826Z,51,0,
86bad6950bdc4d1bb138426dfaf6b3ea,Test Beth Certification,Test Beth Certification,2023-09-20T06:57:44Z,SEARCH,ACTIVE,CORRELATED,false,false,true,2023-09-13T06:56:30.919Z,1,0,
86be55347ea74daf95801f0250b0f6d0,Windows Administrator,WindowsAdministrator access review,2023-07-02T05:56:13.751Z,SEARCH,STAGED,CORRELATED,false,false,false,2023-05-02T05:56:20.784Z,1,0,
8bf4a57c28174ddcb805db33d4fcb42d,Zurich Access Review Q4,Zurich Access Review Q4,2023-09-25T10:45:19Z,SEARCH,ACTIVE,CORRELATED,false,false,true,2023-09-18T10:44:55.452Z,1,0,
c211bb95200741e298a4a47e8399c024,Financial Access Certification Campaign,Review all the access held in Financial resources,2023-11-28T20:57:41.108Z,SEARCH,STAGED,CORRELATED,true,false,true,2023-11-14T20:57:41.123Z,17,0,
d5efabbc7efe447697a474ea478d9d8c,Certify Zurich AD app demo 1,Certify Zurich AD app demo 1,2023-09-28T11:54:54Z,SEARCH,ACTIVE,CORRELATED,false,false,true,2023-09-14T11:54:15.775Z,2,0,
ef56f9ea551c480689fe9e539f8dfdb2,Zurich Mgr Certification,Zurich Mgr Certification,2023-09-14T19:13:42Z,SEARCH,ACTIVE,CORRELATED,true,false,true,2023-09-07T19:00:23.492Z,4,0,
4b7f032b99954b7d99c9b7f2993ff3da,Elevated Access Test,Elevated Access Test,2023-07-06T06:00Z,MANAGER,STAGED,CORRELATED,false,false,true,2023-06-22T17:22:52.650Z,53,1,
83242a331ca2462286a8692f4f60cf66,Test NK,Test NK,2023-08-03T19:30Z,MANAGER,STAGED,CORRELATED,true,false,true,2023-07-21T07:47:54.221Z,62,1,
9b0975a457c843ca9c2b36237eb11b4b,Manager Test Certification,This is for testing purpose,2023-12-20T06:00Z,MANAGER,STAGED,CORRELATED,true,false,true,2023-12-06T16:26:20.383Z,65,1,
bbdd4782524a4b29a9074073a85e365e,test,test,2024-04-01T06:00Z,MANAGER,STAGED,CORRELATED,true,false,true,2024-03-18T20:26:37.344Z,70,1,
d039a925f9d2410f984cb755ada23d2d,Manager Certification_Q1,Manager Certification_Q1,2023-06-27T06:00Z,MANAGER,STAGED,CORRELATED,true,false,true,2023-06-14T01:53:39.176Z,53,1,
ad769d78bffc4e43914438a5d5dc6aaf,Q2 Manager Certification,Q2 Manager Certification,2023-07-31T06:00Z,MANAGER,STAGED,CORRELATED,true,false,true,2023-07-16T17:46:45.893Z,63,2,
29f9ebffe0cb4f4daa513387cf07856a,Cert Campaing Test KN,Cert Campaing Test KN,2023-08-03T11:36:59Z,SOURCE_OWNER,ACTIVE,CORRELATED,true,false,true,2023-07-21T11:29:37.706Z,11,1,
13beb5397c55414fb892b1486599d0ab,TestPOC3_ManagerCertification,TestPOC3_ManagerCertification,2024-02-12T08:57:01Z,MANAGER,ACTIVE,CORRELATED,false,false,true,2024-02-12T08:43:20.294Z,69,7,
e16371d7971c4623bdfff927361fd274,Certify Access of Zurich-Active Directory,Certify Access of Zurich-Active Directory,2024-04-02T23:00:12Z,SEARCH,ACTIVE,CORRELATED,false,false,true,2024-03-26T22:53:05.116Z,4,2,
f5cad7e7707f419d97d83340b0038f79,Certify Zurich AD app,Certify Zurich AD app,2024-03-07T13:28:26Z,SEARCH,ACTIVE,CORRELATED,false,false,true,2024-02-22T13:26:17.198Z,2,1,
08eb045851e54aa993a91981ce7b48a8,Zurich MGR cert,Zurich MGR cert,2023-09-21T19:30Z,MANAGER,COMPLETED,CORRELATED,true,false,true,2023-09-07T18:47:21.493Z,0,0,
0def6a7e4a294c2f89c03db1976ece3d,Single Manager - Douglas Flores2 Certification,Single Manager - Douglas Flores2 Certification,2024-03-14T12:10:51Z,MANAGER,COMPLETED,CORRELATED,true,false,true,2024-02-29T12:10:07.047Z,2,2,
20becdd2895642efba269739f518f19f,Test outlier cert,Test outlier cert,2023-09-20T06:44:41.590Z,SEARCH,COMPLETED,CORRELATED,false,true,true,2023-09-13T06:44:41.604Z,0,0,
2699c0fa03e54937a9af938b781d25d5,Role Composition Campaign,Role Composition,2023-07-02T05:56:13.751Z,ROLE_COMPOSITION,COMPLETED,CORRELATED,false,false,false,2023-05-02T05:56:21.179Z,0,0,
26ab38e5aa58477a8d40e80f6a244135,Salesforce Application,Salesforce Application,2023-07-02T05:56:13.751Z,SEARCH,COMPLETED,CORRELATED,false,false,false,2023-05-02T05:56:21.779Z,0,0,
2bc244639948452c9bc777d93c7a7ad0,AD Atlanta Lab Source Owner Certification,AD Atlanta Lab Source Owner Certification,2023-07-31T18:04:39Z,SOURCE_OWNER,COMPLETED,CORRELATED,true,false,true,2023-07-16T18:03:10.756Z,1,1,
503f11506d0d436e932a8b50ce2892f8,Privileged Access Review,Privileged Access Review,2023-07-02T05:56:13.751Z,SEARCH,COMPLETED,CORRELATED,false,false,false,2023-05-02T05:56:20.842Z,0,0,
55738ef1aaf34cd79a406f5f39ed7161,Test outlier cert abdul1,Test outlier cert abdul1,2023-09-27T06:49:06.374Z,SEARCH,COMPLETED,CORRELATED,false,false,true,2023-09-13T06:49:06.384Z,0,0,
72a2eeb14bd54f1b9262cd3d93d2b010,Test Certification,Test Certification Campaign,2024-02-07T12:33:17Z,SEARCH,COMPLETED,CORRELATED,false,false,true,2024-02-06T12:32:12.234Z,19,19,
75c6a3490ff44e9cbf87c30e300bda88,Accounts Role Certification,Accounts Role Certification,2024-03-12T17:10:04Z,ROLE_COMPOSITION,COMPLETED,CORRELATED,false,false,true,2024-03-10T17:09:38.673Z,1,1,
8d761d1f861b41949dd5c48b8a611224,Payroll Admin Access,Payroll Admin Access,2023-07-02T05:56:13.751Z,SEARCH,COMPLETED,CORRELATED,false,false,false,2023-05-02T05:56:20.841Z,0,0,
9261b714db1e4ce18bce1f07b88e4484,AD Admins Role Composition,AD Admins Role Composition,2024-03-01T11:59:59Z,ROLE_COMPOSITION,COMPLETED,CORRELATED,true,true,true,2024-02-21T11:17:48.143Z,1,1,
9793095344ee4209a7edcc6e6f3b9006,Finance IEC Access Items Certification,Finance IEC Access Items Certification,2024-03-01T11:50:42Z,SEARCH,COMPLETED,CORRELATED,false,true,true,2024-02-29T11:49:37.773Z,1,1,
b17a9972fa5e4608912082e66b15e0e7,Demo Test 1,Demo Test 1,2023-09-22T19:04:48Z,SEARCH,COMPLETED,CORRELATED,true,false,true,2023-09-14T19:03:43.977Z,1,1,
c7da90e8191b48fd8c741737d15b27dc,AD Admins Role Composition,AD Admins Role Composition,2023-07-17T18:58:31Z,ROLE_COMPOSITION,COMPLETED,CORRELATED,true,true,true,2023-07-16T18:56:59.227Z,1,1,
c9713d11e74a42e69d06c8e7b7c8d099,Test outlier cert Abdul,Test outlier cert,2023-09-20T06:47:07.003Z,SEARCH,COMPLETED,CORRELATED,false,false,true,2023-09-13T06:47:07.012Z,0,0,
d661f2f281074c01b1ae27ffd266fb79,Zurich outlier certification,Zurich outlier certification,2023-09-20T06:54:34.120Z,SEARCH,COMPLETED,CORRELATED,false,false,true,2023-09-13T06:54:34.133Z,0,0,
dd043ad7e5c1482285292730e6f3cd23,Certify Account Access,Certify Account Access,,SEARCH,COMPLETED,CORRELATED,false,true,true,2024-03-10T16:57:44.636Z,0,0,