description,type,requestStatus,identityRequestId,ownerRef,requestCommentsRequired,id,name,created,modified
This access profile gives access to Zurich UK BU source.,ACCESS_PROFILE,,,"{""email"":""jayanthhs@kpmg.com"",""type"":""IDENTITY"",""id"":""c9ca8ff25cef4312ac3131f913f8ebbf"",""name"":""jayanthhs.admin""}",false,01e880889b11421d8b8867718bc81148,ZR UK Payable AP,2023-09-13T06:11:45.854Z,2023-09-18T08:08:13.282Z
testing accessProfile,ACCESS_PROFILE,,,"{""email"":""dhamodharanm@kpmg.com"",""type"":""IDENTITY"",""id"":""d30f1381b17a4357bfc0e048aacd8098"",""name"":""dhamodharanm.admin""}",false,0233cdef68624e4bb941d2415a255421,accessprofile_1001,2024-03-08T19:25:51.125Z,2024-03-08T19:25:51.125Z
,ACCESS_PROFILE,,,"{""email"":""swetagupta4@kpmg.com"",""type"":""IDENTITY"",""id"":""20badaf0836a4246b13abdba4639de60"",""name"":""swetagupta.admin""}",true,03fb1830bfa048e79c52164c1698588b,TEST2507AP,2023-07-25T09:32:38.310Z,2023-07-28T07:52:17.573Z
testing accessProfile,ACCESS_PROFILE,,,"{""email"":""dhamodharanm@kpmg.com"",""type"":""IDENTITY"",""id"":""d30f1381b17a4357bfc0e048aacd8098"",""name"":""dhamodharanm.admin""}",false,064b6099284d49059c9d2c2489821c0b,newaccessprofileforDemo15,2024-03-05T08:58:07.799Z,2024-03-05T08:58:07.799Z
testing accessProfile,ACCESS_PROFILE,,,"{""email"":""dhamodharanm@kpmg.com"",""type"":""IDENTITY"",""id"":""d30f1381b17a4357bfc0e048aacd8098"",""name"":""dhamodharanm.admin""}",false,09f9301337954a83a3d6aff6d60f3e81,Test IT Role AP1_126,2024-03-13T14:25:29.975Z,2024-03-13T14:25:29.975Z
testing accessProfile,ACCESS_PROFILE,,,"{""email"":""dhamodharanm@kpmg.com"",""type"":""IDENTITY"",""id"":""d30f1381b17a4357bfc0e048aacd8098"",""name"":""dhamodharanm.admin""}",false,0a43c7d38b2b4a64b9e029508f6fd57a,Testaccessprofile1111,2024-02-08T15:21:52.333Z,2024-02-08T15:21:52.333Z
testing accessProfile,ACCESS_PROFILE,,,"{""email"":""dhamodharanm@kpmg.com"",""type"":""IDENTITY"",""id"":""d30f1381b17a4357bfc0e048aacd8098"",""name"":""dhamodharanm.admin""}",false,0b5614ffb939435a85510f7bbd5820ff,Test IT Role AP1_123,2024-03-13T06:53:17.291Z,2024-03-13T06:53:17.291Z
Grants access to the Sales Engineering team,ACCESS_PROFILE,,,"{""email"":""Jerry.Bennett@sailpointdemo.com"",""type"":""IDENTITY"",""id"":""cbdc946ce60a4ec9acb14027fe609f35"",""name"":""Jerry.Bennett""}",false,1cbac4826fac4361b084ec62e6e740ca,SalesEngineering,2023-05-02T05:56:12.948Z,2023-05-02T05:56:18.451Z
testing accessProfile,ACCESS_PROFILE,,,"{""email"":""dhamodharanm@kpmg.com"",""type"":""IDENTITY"",""id"":""d30f1381b17a4357bfc0e048aacd8098"",""name"":""dhamodharanm.admin""}",false,1e87ed4f771942878f09e2b96cba9981,accessprofile_1002,2024-03-08T19:25:52.183Z,2024-03-08T19:25:52.183Z
testing accessProfile,ACCESS_PROFILE,,,"{""email"":""dhamodharanm@kpmg.com"",""type"":""IDENTITY"",""id"":""d30f1381b17a4357bfc0e048aacd8098"",""name"":""dhamodharanm.admin""}",false,25d58053e85d4aa89abc3b3eb556618b,javaaccessprofile5611,2024-03-04T17:51:16.615Z,2024-03-04T17:51:16.615Z
Grants user access to the PRISM ERP system,ACCESS_PROFILE,,,"{""email"":""Jerry.Bennett@sailpointdemo.com"",""type"":""IDENTITY"",""id"":""cbdc946ce60a4ec9acb14027fe609f35"",""name"":""Jerry.Bennett""}",false,2898d364108e48f5970f5ba176d590b5,PRISM ERP - User Access,2023-05-02T05:56:12.822Z,2023-05-02T06:02:08.881Z
Access for Benefits Employees. Distribution group and File share access.,ACCESS_PROFILE,,,"{""email"":""Jerry.Bennett@sailpointdemo.com"",""type"":""IDENTITY"",""id"":""cbdc946ce60a4ec9acb14027fe609f35"",""name"":""Jerry.Bennett""}",true,2a550d03afbe43caae16b2b472ac15db,Benefits Employees,2023-05-02T05:56:12.523Z,2023-05-02T06:02:00.412Z
testing accessProfile,ACCESS_PROFILE,,,"{""email"":""dhamodharanm@kpmg.com"",""type"":""IDENTITY"",""id"":""d30f1381b17a4357bfc0e048aacd8098"",""name"":""dhamodharanm.admin""}",false,2b543a352e6d4aceb566c4f39a8dd06d,Test IT Role AP1_129,2024-03-14T06:25:25.828Z,2024-03-14T06:25:25.828Z
,ACCESS_PROFILE,,,"{""email"":""rthammineni@kpmg.com"",""type"":""IDENTITY"",""id"":""61d806622d474c02b312abe46cf80547"",""name"":""rthammineni.admin""}",false,2b715ad116aa438ab3eedc6e62613f5b,Test IDN AD Group Access Profile,2023-07-07T23:42:52.398Z,2023-07-07T23:43:53.394Z
Testing AD,ACCESS_PROFILE,,,"{""email"":""kandukurin@kpmg.com"",""type"":""IDENTITY"",""id"":""ce616d2459ea4390a04278e60d65e816"",""name"":""kandukurin.admin""}",false,303dd89529ae4af6aa6cda1cae286066,AD Test NK Access Profile,2023-07-18T13:29:40.529Z,2024-02-11T06:44:24.226Z
testing accessProfile,ACCESS_PROFILE,,,"{""email"":""dhamodharanm@kpmg.com"",""type"":""IDENTITY"",""id"":""d30f1381b17a4357bfc0e048aacd8098"",""name"":""dhamodharanm.admin""}",false,3400c40233344689a67d05540f4d68fd,newaccessprofileforDemo12,2024-03-05T06:50:48.660Z,2024-03-05T06:50:48.660Z
Allowed to make acquisitions,ACCESS_PROFILE,,,"{""email"":""Jerry.Bennett@sailpointdemo.com"",""type"":""IDENTITY"",""id"":""cbdc946ce60a4ec9acb14027fe609f35"",""name"":""Jerry.Bennett""}",true,3428af62cad3430695b3fb120a07ada6,Buyer,2023-05-02T05:56:13.016Z,2023-05-02T06:02:00.441Z
Grants report administrator access to the PRISM ERP system.,ACCESS_PROFILE,,,"{""email"":""Jerry.Bennett@sailpointdemo.com"",""type"":""IDENTITY"",""id"":""cbdc946ce60a4ec9acb14027fe609f35"",""name"":""Jerry.Bennett""}",false,355ca02d6c7e4eaabb7cf355c3c0d1b4,PRISM ERP - Report Admin,2023-05-02T05:56:12.996Z,2023-05-02T06:02:08.910Z
Zurich_Finance_AP -Grants access to Tax Accounting module within general accounting application,ACCESS_PROFILE,,,"{""email"":""mahakgarg@kpmg.com"",""type"":""IDENTITY"",""id"":""b2764aa119b2479ca10d0bc53e8b041d"",""name"":""mahakgarg.admin""}",false,3afa0f36b3d341dd9ec3b002cb34c7da,Zurich_Finance_AP,2023-09-06T16:43:44.210Z,2023-09-18T08:16:31.325Z
,ACCESS_PROFILE,,,"{""email"":""rthammineni@kpmg.com"",""type"":""IDENTITY"",""id"":""61d806622d474c02b312abe46cf80547"",""name"":""rthammineni.admin""}",false,3dbd5d6b04c6461fa327c520d6d8aba9,AD Admins,2023-07-15T15:06:44.810Z,2023-07-15T16:30:15.988Z
Book corp travel and file expense reports,ACCESS_PROFILE,,,"{""email"":""rthammineni@kpmg.com"",""type"":""IDENTITY"",""id"":""61d806622d474c02b312abe46cf80547"",""name"":""rthammineni.admin""}",false,3e21646468704cf2874a8b3827c80b4e,Travel and Expense,2023-07-01T18:18:14.229Z,2024-02-26T11:25:12.018Z
,ACCESS_PROFILE,,,"{""email"":""jatinluthra1@kpmg.com"",""type"":""IDENTITY"",""id"":""d1bd0ab7b2f54d40b80973267e1fa263"",""name"":""ZR Approver B""}",false,3f8da1ed5329477bbaddad5e78b789cf,Zurich - Level 2 Support,2023-09-06T16:58:37.021Z,2023-09-19T08:07:02.378Z
,ACCESS_PROFILE,,,"{""email"":""jatinluthra1@kpmg.com"",""type"":""IDENTITY"",""id"":""881c5ff10af9459d8ceac4070bfb778f"",""name"":""jatinluthra.admin""}",false,3fdd4a55e4a742dea6a37e430bafcfef,Zurich Treasury - L2,2023-09-14T14:46:13.139Z,2023-09-14T17:08:52.013Z
testing accessProfile,ACCESS_PROFILE,,,"{""email"":""dhamodharanm@kpmg.com"",""type"":""IDENTITY"",""id"":""d30f1381b17a4357bfc0e048aacd8098"",""name"":""dhamodharanm.admin""}",false,41da24a0a11e4e709583f0b9cd2bbef4,javaaccessprofile567,2024-02-13T05:39:23.442Z,2024-02-13T05:39:23.442Z
,ACCESS_PROFILE,,,"{""email"":""jatinluthra1@kpmg.com"",""type"":""IDENTITY"",""id"":""ed411eaf1201458fa718b8f9cd331f2e"",""name"":""ZR Source Owner""}",false,4373e89e93b845d9afd24b113672854b,Zurich - Claims,2023-09-13T05:22:33.865Z,2023-09-19T08:53:57.288Z
testing accessProfile,ACCESS_PROFILE,,,"{""email"":""dhamodharanm@kpmg.com"",""type"":""IDENTITY"",""id"":""d30f1381b17a4357bfc0e048aacd8098"",""name"":""dhamodharanm.admin""}",false,43d3d177d56e44e2a5c434d1e9ae0fff,javaaccessprofile561122,2024-03-04T17:51:47.421Z,2024-03-04T17:51:47.421Z
testing accessProfile,ACCESS_PROFILE,,,"{""email"":""dhamodharanm@kpmg.com"",""type"":""IDENTITY"",""id"":""d30f1381b17a4357bfc0e048aacd8098"",""name"":""dhamodharanm.admin""}",false,441a2dda45514d4e985e01de80045796,Test IT Role AP1_127,2024-03-13T14:35:14.915Z,2024-03-13T14:35:14.915Z
Zurich-Basic Access,ACCESS_PROFILE,,,"{""email"":""sunilbalasahebd@kpmg.com"",""type"":""IDENTITY"",""id"":""2d18d9f3e34644fab8a845b34d0fdb05"",""name"":""sunilbalasahebd.admin""}",false,46c1e444c43d4270bbe312cc541ad329,Zurich-Basic Access,2023-09-11T13:48:10.941Z,2023-09-11T13:54:53.717Z
testing accessProfile,ACCESS_PROFILE,,,"{""email"":""dhamodharanm@kpmg.com"",""type"":""IDENTITY"",""id"":""d30f1381b17a4357bfc0e048aacd8098"",""name"":""dhamodharanm.admin""}",false,4f099ff6903c49c9baeeb3e762e853ba,javaaccessprofile4,2024-02-08T16:17:51.545Z,2024-02-08T16:17:51.545Z
,ACCESS_PROFILE,,,"{""email"":""Aaron.Nichols@sailpointdemo.com"",""type"":""IDENTITY"",""id"":""602bdadf74ea4139a46cc2c31dffebcf"",""name"":""Aaron.Nichols""}",false,4f6e6c0f796a4eac833e613fa158b1cb,IT Support - IEC,2024-02-24T17:57:24.610Z,2024-02-24T18:04:57.654Z
Grants basic access for everyone in the sale department,ACCESS_PROFILE,,,"{""email"":""Jerry.Bennett@sailpointdemo.com"",""type"":""IDENTITY"",""id"":""cbdc946ce60a4ec9acb14027fe609f35"",""name"":""Jerry.Bennett""}",false,4f83e849056c40e39b6969e58b7e1dcc,SalesCommonAccess,2023-05-02T05:56:12.747Z,2023-05-02T05:56:18.424Z
Internal Accounts Payable Application Access,ACCESS_PROFILE,,,"{""email"":""Patricia.Jones@sailpointdemo.com"",""type"":""IDENTITY"",""id"":""a4bbfc268d554df4b527d2eb4783c0f7"",""name"":""Patricia.Jones""}",true,4fbfd40683d74dbb95d35716ce320da2,Accounts Payable,2023-05-02T05:56:12.746Z,2024-02-11T06:44:24.246Z
Test poc3 ap2,ACCESS_PROFILE,,,"{""email"":""dhamodharanm@kpmg.com"",""type"":""IDENTITY"",""id"":""d30f1381b17a4357bfc0e048aacd8098"",""name"":""dhamodharanm.admin""}",false,50586440c2d44d16a68b009bdce2fec4,Test poc3 ap2,2024-02-06T06:16:23.465Z,2024-02-06T06:16:23.465Z
Approve timecards,ACCESS_PROFILE,,,"{""email"":""Jerry.Bennett@sailpointdemo.com"",""type"":""IDENTITY"",""id"":""cbdc946ce60a4ec9acb14027fe609f35"",""name"":""Jerry.Bennett""}",false,50eb9c828e1b4adeb733272a98849f26,TRAKK Approve,2023-05-02T05:56:12.918Z,2023-05-02T05:56:19.013Z
,ACCESS_PROFILE,,,"{""email"":""mahakgarg@kpmg.com"",""type"":""IDENTITY"",""id"":""b2764aa119b2479ca10d0bc53e8b041d"",""name"":""mahakgarg.admin""}",false,52e9ae1b71f843ddb906163355d02dbf,Zurich_Joiner_Access_Profile,2023-09-06T16:25:53.086Z,2023-09-06T16:27:15.139Z
"While requesting access, please provide following details in comments box.
1. Start date
2. Reason for request",ACCESS_PROFILE,,,"{""email"":""swetagupta4@kpmg.com"",""type"":""IDENTITY"",""id"":""20badaf0836a4246b13abdba4639de60"",""name"":""swetagupta.admin""}",true,53c82876965247f99a49b9a22b5b55c9,ACCESSPROFILE-14,2023-08-03T10:04:08.529Z,2023-08-16T13:15:35.122Z
,ACCESS_PROFILE,,,"{""email"":""jatinluthra1@kpmg.com"",""type"":""IDENTITY"",""id"":""42090c61c65740b89cd83e9137d38cb1"",""name"":""ZR Approver C""}",false,5a88fe83a6e34f6d91573b67752df6d8,Zurich - Level 1 Support,2023-09-06T16:57:32.914Z,2023-09-19T08:06:36.427Z
,ACCESS_PROFILE,,,"{""email"":""jatinluthra1@kpmg.com"",""type"":""IDENTITY"",""id"":""a41bd34f5a4445239c2457de395855ed"",""name"":""ZR Approver A""}",false,5ddeffb33f87410d810ccbbfc9de1f72,Zurich - Analyst,2023-09-06T15:49:52.407Z,2023-09-19T07:56:39.275Z
,ACCESS_PROFILE,,,"{""email"":""Aaron.Nichols@acme1"",""type"":""IDENTITY"",""id"":""70f640efa1c540be99cf679a019a90fe"",""name"":""Aaron.Nichols1""}",false,5fe81947eb2245a7b1f520799229a205,AD Employee Access - IEC,2024-02-21T03:27:11.916Z,2024-02-21T03:27:57.517Z
Accounts Payable system data entry,ACCESS_PROFILE,,,"{""email"":""rthammineni@kpmg.com"",""type"":""IDENTITY"",""id"":""61d806622d474c02b312abe46cf80547"",""name"":""rthammineni.admin""}",false,60ca2cebb154480397cca6523c1881e7,AP system,2023-07-01T18:25:52.692Z,2023-07-01T18:30:42.224Z
Reject timecards,ACCESS_PROFILE,,,"{""email"":""Jerry.Bennett@sailpointdemo.com"",""type"":""IDENTITY"",""id"":""cbdc946ce60a4ec9acb14027fe609f35"",""name"":""Jerry.Bennett""}",false,61103ea2fb674192941ca323d4488d4a,TRAKK Reject,2023-05-02T05:56:12.807Z,2023-05-02T05:56:18.447Z
,ACCESS_PROFILE,,,"{""email"":""jatinluthra1@kpmg.com"",""type"":""IDENTITY"",""id"":""a41bd34f5a4445239c2457de395855ed"",""name"":""ZR Approver A""}",false,61da4da36f124343962cadfc9ab63594,Zurich - Developer,2023-09-06T16:54:10.837Z,2023-09-19T08:05:04.210Z
testing accessProfile,ACCESS_PROFILE,,,"{""email"":""dhamodharanm@kpmg.com"",""type"":""IDENTITY"",""id"":""d30f1381b17a4357bfc0e048aacd8098"",""name"":""dhamodharanm.admin""}",false,64098481e6d34198bb43a8786a8c1e6b,newaccessprofileforDemo,2024-03-04T17:52:48.627Z,2024-03-04T17:52:48.627Z
Test poc3 java,ACCESS_PROFILE,,,"{""email"":""dhamodharanm@kpmg.com"",""type"":""IDENTITY"",""id"":""d30f1381b17a4357bfc0e048aacd8098"",""name"":""dhamodharanm.admin""}",false,6433715a74454baeaa708de109ca4ac4,Test poc3 java,2024-02-06T10:20:48.800Z,2024-02-06T10:20:48.800Z
testing accessProfile,ACCESS_PROFILE,,,"{""email"":""dhamodharanm@kpmg.com"",""type"":""IDENTITY"",""id"":""d30f1381b17a4357bfc0e048aacd8098"",""name"":""dhamodharanm.admin""}",false,6c244c012295410a92daf9aceb99127d,javaaccessprofile2,2024-02-08T16:09:41.124Z,2024-02-08T16:09:41.124Z
testing accessProfile,ACCESS_PROFILE,,,"{""email"":""dhamodharanm@kpmg.com"",""type"":""IDENTITY"",""id"":""d30f1381b17a4357bfc0e048aacd8098"",""name"":""dhamodharanm.admin""}",false,6e5475ab30cf491e9b61b1976824bd35,Testaccessprofile123,2024-02-06T10:24:51.536Z,2024-02-06T10:24:51.536Z
testing accessProfile,ACCESS_PROFILE,,,"{""email"":""dhamodharanm@kpmg.com"",""type"":""IDENTITY"",""id"":""d30f1381b17a4357bfc0e048aacd8098"",""name"":""dhamodharanm.admin""}",false,70cf8bf84648483f90803a47d67555b2,newaccessprofile_1002,2024-03-11T13:03:45.163Z,2024-03-11T13:03:45.163Z
Access for all ACME employees,ACCESS_PROFILE,,,"{""email"":""rthammineni@kpmg.com"",""type"":""IDENTITY"",""id"":""61d806622d474c02b312abe46cf80547"",""name"":""rthammineni.admin""}",false,71235c6381d643b49548c9c8880f2e3e,Default Employee Access,2023-07-01T18:07:42.027Z,2023-07-17T22:04:24.040Z
,ACCESS_PROFILE,,,"{""email"":""keethanmadalab@kpmg.com"",""type"":""IDENTITY"",""id"":""6824580c02ef4b6c8d43fac4704e92bd"",""name"":""keethanmadalab.admin""}",false,7307b12bc5b749caa4a1299243eff314,Zurich Audit App,2023-09-07T11:12:50.969Z,2023-09-13T06:16:12.256Z
testing accessProfile,ACCESS_PROFILE,,,"{""email"":""dhamodharanm@kpmg.com"",""type"":""IDENTITY"",""id"":""d30f1381b17a4357bfc0e048aacd8098"",""name"":""dhamodharanm.admin""}",false,73e87e5b42224d3183c81398abaffb0d,accessprofile_1003,2024-03-08T19:25:53.061Z,2024-03-08T19:25:53.061Z
testing accessProfile,ACCESS_PROFILE,,,"{""email"":""dhamodharanm@kpmg.com"",""type"":""IDENTITY"",""id"":""d30f1381b17a4357bfc0e048aacd8098"",""name"":""dhamodharanm.admin""}",false,79e6292c40e14a518a468c57a910371c,javaaccessprofile3,2024-02-08T16:14:23.779Z,2024-02-08T16:14:23.779Z
testing accessProfile,ACCESS_PROFILE,,,"{""email"":""dhamodharanm@kpmg.com"",""type"":""IDENTITY"",""id"":""d30f1381b17a4357bfc0e048aacd8098"",""name"":""dhamodharanm.admin""}",false,7a62b40862d34eeb99e86fd72b25bb8b,javaaccessprofile5674,2024-02-14T12:41:08.248Z,2024-02-14T12:41:08.248Z
Base Active Directory account for all active employees,ACCESS_PROFILE,,,"{""email"":""Jerry.Bennett@sailpointdemo.com"",""type"":""IDENTITY"",""id"":""cbdc946ce60a4ec9acb14027fe609f35"",""name"":""Jerry.Bennett""}",true,7a88f0c0d2ed4928b20ce40e518afa77,Employee Base Account,2023-05-02T05:56:12.876Z,2023-05-02T05:56:18.754Z
Corporate VPN Access,ACCESS_PROFILE,,,"{""email"":""Jerry.Bennett@sailpointdemo.com"",""type"":""IDENTITY"",""id"":""cbdc946ce60a4ec9acb14027fe609f35"",""name"":""Jerry.Bennett""}",true,7f2197f9613d4799a12191f035ce09bf,Corporate VPN Access,2023-05-02T05:56:12.691Z,2023-05-02T06:01:54.466Z
,ACCESS_PROFILE,,,"{""email"":""Jane.Paul@zurichtest.com"",""type"":""IDENTITY"",""id"":""77e8e769c73b449b934f54e5f8552d9e"",""name"":""Jane.Paul""}",true,81b0dc86669e49e68b269121df15b240,Treasury Reporting 2 - IEC,2024-02-24T22:20:11.987Z,2024-02-26T11:24:16.686Z
testing accessProfile,ACCESS_PROFILE,,,"{""email"":""dhamodharanm@kpmg.com"",""type"":""IDENTITY"",""id"":""d30f1381b17a4357bfc0e048aacd8098"",""name"":""dhamodharanm.admin""}",false,82ca4a9599c3468f9d9c70716681c6ae,Test IT Role AP1_133,2024-03-17T10:47:32.855Z,2024-03-17T10:47:32.855Z
testing accessProfile,ACCESS_PROFILE,,,"{""email"":""dhamodharanm@kpmg.com"",""type"":""IDENTITY"",""id"":""d30f1381b17a4357bfc0e048aacd8098"",""name"":""dhamodharanm.admin""}",false,835f5a2e0f814c7cab623de5c489414b,Testaccessprofile1131,2024-02-08T15:35:07.523Z,2024-02-08T15:35:07.523Z
testing accessProfile,ACCESS_PROFILE,,,"{""email"":""dhamodharanm@kpmg.com"",""type"":""IDENTITY"",""id"":""d30f1381b17a4357bfc0e048aacd8098"",""name"":""dhamodharanm.admin""}",false,87f528878bd5438696a8a0be9c533f37,newaccessprofile_1001,2024-03-11T13:03:46.048Z,2024-03-11T13:03:46.048Z
testing accessProfile,ACCESS_PROFILE,,,"{""email"":""dhamodharanm@kpmg.com"",""type"":""IDENTITY"",""id"":""d30f1381b17a4357bfc0e048aacd8098"",""name"":""dhamodharanm.admin""}",false,8b0865db5b87443e8e1b5acf85c3f6db,newaccessprofileforDemo13,2024-03-05T07:38:07.704Z,2024-03-05T07:38:07.704Z
,ACCESS_PROFILE,,,"{""email"":""jatinluthra1@kpmg.com"",""type"":""IDENTITY"",""id"":""881c5ff10af9459d8ceac4070bfb778f"",""name"":""jatinluthra.admin""}",false,8ccfa7a02c9b47dc85180b92102be2aa,Zurich Treasury - L1,2023-09-14T14:44:38.560Z,2023-09-14T17:08:52.013Z
"While requesting, please provide following information in comments box
1. Start Date
2. Reason for request",ACCESS_PROFILE,,,"{""email"":""ankitbhandari1@kpmg.com"",""type"":""IDENTITY"",""id"":""666e921cfc224eedbd54e820c038a30c"",""name"":""ankitbhandari1.admin""}",false,8fdcd831a7824b1ab8fc163223ad9676,Access Profile 15,2023-08-16T13:24:17.410Z,2024-03-08T12:06:31.867Z
testing accessProfile,ACCESS_PROFILE,,,"{""email"":""dhamodharanm@kpmg.com"",""type"":""IDENTITY"",""id"":""d30f1381b17a4357bfc0e048aacd8098"",""name"":""dhamodharanm.admin""}",false,9206dcc18771460dabd9a91bb8a6d0ce,newaccessprofileforDemo14,2024-03-05T07:49:01.856Z,2024-03-05T07:49:01.856Z
testing accessProfile,ACCESS_PROFILE,,,"{""email"":""dhamodharanm@kpmg.com"",""type"":""IDENTITY"",""id"":""d30f1381b17a4357bfc0e048aacd8098"",""name"":""dhamodharanm.admin""}",false,93610a815c914ee28bb324794faf36f7,newaccessprofileforDemocom2123,2024-03-07T15:08:33.268Z,2024-03-07T15:08:33.268Z
,ACCESS_PROFILE,,,"{""email"":""jatinluthra1@kpmg.com"",""type"":""IDENTITY"",""id"":""ed411eaf1201458fa718b8f9cd331f2e"",""name"":""ZR Source Owner""}",false,95b97288b9ea45d984130a751652901b,Zurich - Engineering,2023-09-13T05:17:39.585Z,2023-09-19T09:59:55.660Z
Financial Systems Analyst Access,ACCESS_PROFILE,,,"{""email"":""Patricia.Jones@sailpointdemo.com"",""type"":""IDENTITY"",""id"":""a4bbfc268d554df4b527d2eb4783c0f7"",""name"":""Patricia.Jones""}",true,969c3327f2274aafb99066fc2f9ba8f9,Financial Systems Analyst Access,2023-05-02T05:56:12.943Z,2023-05-02T06:02:00.528Z
Internal Payroll Admin Application Access,ACCESS_PROFILE,,,"{""email"":""Jerry.Bennett@sailpointdemo.com"",""type"":""IDENTITY"",""id"":""cbdc946ce60a4ec9acb14027fe609f35"",""name"":""Jerry.Bennett""}",true,989e555c314c41b19c3a7c08e75b9d80,Payroll Admin Access,2023-05-02T05:56:12.641Z,2023-05-02T06:02:00.485Z
This access profile gives access to Zurich UK BU source.,ACCESS_PROFILE,,,"{""email"":""keethanmadalab@kpmg.com"",""type"":""IDENTITY"",""id"":""6824580c02ef4b6c8d43fac4704e92bd"",""name"":""keethanmadalab.admin""}",false,9c48d46bdb6c4f7084ae158dd1777b81,ZR UK Editor AP,2023-09-12T16:53:26.124Z,2023-09-18T08:11:33.326Z
This is access profile for birthright access to employees who belongs to UK BU.,ACCESS_PROFILE,,,"{""email"":""keethanmadalab@kpmg.com"",""type"":""IDENTITY"",""id"":""6824580c02ef4b6c8d43fac4704e92bd"",""name"":""keethanmadalab.admin""}",false,9d5b6363eabe4c8daef2ae1583a09fd1,ZR UK Viewer AP,2023-09-12T16:50:55.280Z,2023-09-18T08:06:18.718Z
testing accessProfile,ACCESS_PROFILE,,,"{""email"":""dhamodharanm@kpmg.com"",""type"":""IDENTITY"",""id"":""d30f1381b17a4357bfc0e048aacd8098"",""name"":""dhamodharanm.admin""}",false,9eb64259515c4b98814ba81f601fa76e,javaaccessprofile55,2024-02-08T17:43:31.638Z,2024-02-08T17:43:31.638Z
testing accessProfile,ACCESS_PROFILE,,,"{""email"":""dhamodharanm@kpmg.com"",""type"":""IDENTITY"",""id"":""d30f1381b17a4357bfc0e048aacd8098"",""name"":""dhamodharanm.admin""}",false,ab448be5c6e44405b21566082ace26a0,Testaccessprofile1121,2024-02-08T15:27:55.151Z,2024-02-08T15:27:55.151Z
,ACCESS_PROFILE,,,"{""email"":""keethanmadalab@kpmg.com"",""type"":""IDENTITY"",""id"":""6824580c02ef4b6c8d43fac4704e92bd"",""name"":""keethanmadalab.admin""}",false,add51b61737d4eeabb8ec53c917cd9bc,Zurich Audit AP,2023-09-07T11:04:38.520Z,2023-09-13T06:16:11.942Z
testing accessProfile,ACCESS_PROFILE,,,"{""email"":""dhamodharanm@kpmg.com"",""type"":""IDENTITY"",""id"":""d30f1381b17a4357bfc0e048aacd8098"",""name"":""dhamodharanm.admin""}",false,b0026e6a825744fea3b06405bb96cee2,newaccessprofileforDemocom2,2024-03-07T06:05:30.352Z,2024-03-07T06:05:30.352Z
testing accessProfile,ACCESS_PROFILE,,,"{""email"":""dhamodharanm@kpmg.com"",""type"":""IDENTITY"",""id"":""d30f1381b17a4357bfc0e048aacd8098"",""name"":""dhamodharanm.admin""}",false,b1c8d9310f954887b33c09f975b8e356,Testaccessprofile,2024-02-06T10:22:04.866Z,2024-02-06T10:22:04.866Z
Accounts Payable system data entry,ACCESS_PROFILE,,,"{""email"":""rthammineni@kpmg.com"",""type"":""IDENTITY"",""id"":""61d806622d474c02b312abe46cf80547"",""name"":""rthammineni.admin""}",false,b5273e4fe5a74479986aaf512daa3930,AP System - IEC,2024-02-18T14:11:55.814Z,2024-02-18T14:18:27.402Z
testing accessProfile,ACCESS_PROFILE,,,"{""email"":""dhamodharanm@kpmg.com"",""type"":""IDENTITY"",""id"":""d30f1381b17a4357bfc0e048aacd8098"",""name"":""dhamodharanm.admin""}",false,b5fc1ff457414de0a924547870a1715f,Test IT Role AP1_130,2024-03-14T13:08:59.810Z,2024-03-14T13:08:59.810Z
testing accessProfile,ACCESS_PROFILE,,,"{""email"":""dhamodharanm@kpmg.com"",""type"":""IDENTITY"",""id"":""d30f1381b17a4357bfc0e048aacd8098"",""name"":""dhamodharanm.admin""}",false,b60c88bb5d644906893c53fe628eceb9,javaaccessprofile5672,2024-02-14T03:24:58.158Z,2024-02-14T03:24:58.158Z
testing accessProfile,ACCESS_PROFILE,,,"{""email"":""dhamodharanm@kpmg.com"",""type"":""IDENTITY"",""id"":""d30f1381b17a4357bfc0e048aacd8098"",""name"":""dhamodharanm.admin""}",false,b99fd06b48584a0dbaabda2cc8065b37,newaccessprofile_1003,2024-03-11T13:03:44.027Z,2024-03-11T13:03:44.027Z
,ACCESS_PROFILE,,,"{""email"":""jatinluthra1@kpmg.com"",""type"":""IDENTITY"",""id"":""61923897b8944175af3179c1f79df82f"",""name"":""ZR Approver D""}",false,bd39d97ffdc440998094e3a3bb14507d,Zurich - Claims Adjuster Trainee,2023-09-06T17:03:54.034Z,2023-09-19T08:03:21.676Z
,ACCESS_PROFILE,,,"{""email"":""Aaron.Nichols@acme1"",""type"":""IDENTITY"",""id"":""70f640efa1c540be99cf679a019a90fe"",""name"":""Aaron.Nichols1""}",false,c004506459124156b194d32e7d7b5393,T&E Approver - IEC,2024-02-24T22:23:10.092Z,2024-02-26T11:25:31.936Z
testing accessProfile,ACCESS_PROFILE,,,"{""email"":""dhamodharanm@kpmg.com"",""type"":""IDENTITY"",""id"":""d30f1381b17a4357bfc0e048aacd8098"",""name"":""dhamodharanm.admin""}",false,c13e8e64869f4a3fba94f61d4796c7ba,accessprofile_1005,2024-03-11T12:58:04.484Z,2024-03-11T12:58:04.484Z
Zurich - ITAdmin,ACCESS_PROFILE,,,"{""email"":""sunilbalasahebd@kpmg.com"",""type"":""IDENTITY"",""id"":""2d18d9f3e34644fab8a845b34d0fdb05"",""name"":""sunilbalasahebd.admin""}",false,c2c7d39615264dc486c13bc574a20a85,Zurich - ITAdmin,2023-09-11T13:52:22.356Z,2023-09-11T13:54:53.767Z
testing accessProfile,ACCESS_PROFILE,,,"{""email"":""dhamodharanm@kpmg.com"",""type"":""IDENTITY"",""id"":""d30f1381b17a4357bfc0e048aacd8098"",""name"":""dhamodharanm.admin""}",false,c46e4738bee148c889e04e3b587d94ac,javaaccessprofile5,2024-02-08T16:20:43.960Z,2024-02-08T16:20:43.960Z
Internal Accounts Receivable Application Access,ACCESS_PROFILE,,,"{""email"":""Patricia.Jones@sailpointdemo.com"",""type"":""IDENTITY"",""id"":""a4bbfc268d554df4b527d2eb4783c0f7"",""name"":""Patricia.Jones""}",true,c937583c133a4adc98ef07b057383b18,Accounts Receivable,2023-05-02T05:56:12.948Z,2023-05-02T06:02:00.464Z
Employee Azure Access,ACCESS_PROFILE,,,"{""email"":""rthammineni@kpmg.com"",""type"":""IDENTITY"",""id"":""61d806622d474c02b312abe46cf80547"",""name"":""rthammineni.admin""}",false,c944440a020242a1856d742335d8d0f7,Employee Azure Access,2023-07-03T20:24:17.700Z,2023-07-03T20:26:06.364Z
testing accessProfile,ACCESS_PROFILE,,,"{""email"":""dhamodharanm@kpmg.com"",""type"":""IDENTITY"",""id"":""d30f1381b17a4357bfc0e048aacd8098"",""name"":""dhamodharanm.admin""}",false,c9855e999d3a4aafaaf5390c40cd375c,javaaccessprofile1,2024-02-08T16:05:52.500Z,2024-02-08T16:05:52.500Z
Admin access to PRISM system,ACCESS_PROFILE,,,"{""email"":""Jerry.Bennett@sailpointdemo.com"",""type"":""IDENTITY"",""id"":""cbdc946ce60a4ec9acb14027fe609f35"",""name"":""Jerry.Bennett""}",false,caa11bb9c1e447979bd2cedc7694dbbd,PRISM ERP - Super Admin,2023-05-02T05:56:13.022Z,2023-05-02T05:56:19.590Z
Grants access to the regional account managers,ACCESS_PROFILE,,,"{""email"":""Jerry.Bennett@sailpointdemo.com"",""type"":""IDENTITY"",""id"":""cbdc946ce60a4ec9acb14027fe609f35"",""name"":""Jerry.Bennett""}",false,caffb6a2ec654cc1a68b3a18038c6bb5,SalesRegional,2023-05-02T05:56:12.916Z,2023-05-02T05:56:18.455Z
testing accessProfile,ACCESS_PROFILE,,,"{""email"":""dhamodharanm@kpmg.com"",""type"":""IDENTITY"",""id"":""d30f1381b17a4357bfc0e048aacd8098"",""name"":""dhamodharanm.admin""}",false,cd98e61123664ead853e21de6110f971,Test IT Role AP1_132,2024-03-15T09:19:45.160Z,2024-03-15T09:19:45.160Z
This access profile gives access to Zurich UK BU source.,ACCESS_PROFILE,,,"{""email"":""keethanmadalab@kpmg.com"",""type"":""IDENTITY"",""id"":""6824580c02ef4b6c8d43fac4704e92bd"",""name"":""keethanmadalab.admin""}",false,d1459523c6f44c15ba01a377f4ed9d9a,ZR  UK Approver AP,2023-09-13T06:08:58.131Z,2023-09-18T08:08:53.484Z
testing accessProfile,ACCESS_PROFILE,,,"{""email"":""dhamodharanm@kpmg.com"",""type"":""IDENTITY"",""id"":""d30f1381b17a4357bfc0e048aacd8098"",""name"":""dhamodharanm.admin""}",false,d1bdc106627d4d52b7faa6be9b72e1b0,newaccessprofileforDemo16,2024-03-05T09:02:44.043Z,2024-03-05T09:02:44.043Z
testing accessProfile,ACCESS_PROFILE,,,"{""email"":""dhamodharanm@kpmg.com"",""type"":""IDENTITY"",""id"":""d30f1381b17a4357bfc0e048aacd8098"",""name"":""dhamodharanm.admin""}",false,d67a3fe9e96a4ec99c61363158cf072b,javaaccessprofile6,2024-02-08T17:42:22.798Z,2024-02-08T17:42:22.798Z
testing accessProfile,ACCESS_PROFILE,,,"{""email"":""dhamodharanm@kpmg.com"",""type"":""IDENTITY"",""id"":""d30f1381b17a4357bfc0e048aacd8098"",""name"":""dhamodharanm.admin""}",false,d776a1080c4d4fed947ec95c8e779fab,javaaccessprofile,2024-02-08T15:57:36.015Z,2024-02-08T15:57:36.015Z
Dallas Access Profile,ACCESS_PROFILE,,,"{""email"":""rthammineni@kpmg.com"",""type"":""IDENTITY"",""id"":""61d806622d474c02b312abe46cf80547"",""name"":""rthammineni.admin""}",false,d873a3a5057947bc85a3078176891a4e,Dallas Access Profile,2023-07-09T01:26:58.485Z,2023-07-09T01:37:21.856Z
testing accessProfile,ACCESS_PROFILE,,,"{""email"":""dhamodharanm@kpmg.com"",""type"":""IDENTITY"",""id"":""d30f1381b17a4357bfc0e048aacd8098"",""name"":""dhamodharanm.admin""}",false,da2832afea0643e99c15f3fded83b2cd,newaccessprofileforDemocom1,2024-03-06T16:06:05.968Z,2024-03-06T16:06:05.968Z
Basic access to the Airgap system. This will require a ServiceNow ticket for manual fulfillment. The application has no network connectivity.,ACCESS_PROFILE,,,"{""email"":""Jerry.Bennett@sailpointdemo.com"",""type"":""IDENTITY"",""id"":""cbdc946ce60a4ec9acb14027fe609f35"",""name"":""Jerry.Bennett""}",true,daaffb9287ec4552b607f86e0dce8589,Airgap - Basic Access,2023-05-02T05:56:13.002Z,2023-05-02T06:02:03.350Z
testing accessProfile,ACCESS_PROFILE,,,"{""email"":""dhamodharanm@kpmg.com"",""type"":""IDENTITY"",""id"":""d30f1381b17a4357bfc0e048aacd8098"",""name"":""dhamodharanm.admin""}",false,dc0bb0e7ca834d9dbc2a8334c235d0f6,javaaccessprofile56,2024-02-09T06:15:19.864Z,2024-02-09T06:15:19.864Z
,ACCESS_PROFILE,,,"{""email"":""jatinluthra1@kpmg.com"",""type"":""IDENTITY"",""id"":""61923897b8944175af3179c1f79df82f"",""name"":""ZR Approver D""}",false,ddfa6b4353bf467ab55456e0fc5162e0,Zurich - Claims Adjuster,2023-09-06T17:02:37.709Z,2023-09-19T07:58:14.492Z
testing accessProfile,ACCESS_PROFILE,,,"{""email"":""dhamodharanm@kpmg.com"",""type"":""IDENTITY"",""id"":""d30f1381b17a4357bfc0e048aacd8098"",""name"":""dhamodharanm.admin""}",false,df567df7acba42de9259a2f3e74d0329,javaaccessprofile5673,2024-02-14T04:57:12.531Z,2024-02-14T04:57:12.531Z
testing accessProfile,ACCESS_PROFILE,,,"{""email"":""dhamodharanm@kpmg.com"",""type"":""IDENTITY"",""id"":""d30f1381b17a4357bfc0e048aacd8098"",""name"":""dhamodharanm.admin""}",false,df7837e9ed5049f19daa1b3842ef04f6,javaaccessprofile565,2024-02-12T14:51:51.717Z,2024-02-12T14:51:51.717Z
Data entry and analysis - Treasury,ACCESS_PROFILE,,,"{""email"":""Catherine.Simmons@acme1"",""type"":""IDENTITY"",""id"":""af14c71f8cd44febb3c239baaa3ffd02"",""name"":""Catherine.Simmons1""}",false,e1c678e7a3274cc68ffd510ed995549c,Treasury Analyst - IEC,2024-02-24T22:13:56.095Z,2024-02-24T22:14:57.656Z
Zurich_Information_Technology_AP,ACCESS_PROFILE,,,"{""email"":""mahakgarg@kpmg.com"",""type"":""IDENTITY"",""id"":""b2764aa119b2479ca10d0bc53e8b041d"",""name"":""mahakgarg.admin""}",false,e26150ca4cff40fc8e630959a7191187,Zurich_Information_Technology_AP,2023-09-06T16:33:05.031Z,2023-09-06T16:33:52.507Z
,ACCESS_PROFILE,,,"{""email"":""rthammineni@kpmg.com"",""type"":""IDENTITY"",""id"":""61d806622d474c02b312abe46cf80547"",""name"":""rthammineni.admin""}",false,e394203506704f7388989c5b9a7a1751,Account on Finance - IEC,2024-02-26T11:23:17.764Z,2024-02-26T11:24:35.793Z
Grants user access to the PRISM ERP system,ACCESS_PROFILE,,,"{""email"":""Jerry.Bennett@sailpointdemo.com"",""type"":""IDENTITY"",""id"":""cbdc946ce60a4ec9acb14027fe609f35"",""name"":""Jerry.Bennett""}",false,e6b39221e3594728bb15bc015b61fbc1,PRISM ERP Employee Access,2023-05-02T05:56:13.020Z,2023-05-02T05:56:18.527Z
,ACCESS_PROFILE,,,"{""email"":""keethanmadalab@kpmg.com"",""type"":""IDENTITY"",""id"":""6824580c02ef4b6c8d43fac4704e92bd"",""name"":""keethanmadalab.admin""}",false,e760f6970a9844f0a81e2f9addd4efa9,Zurich Finance AP,2023-09-07T09:34:58.974Z,2023-09-13T06:16:11.935Z
testing accessProfile,ACCESS_PROFILE,,,"{""email"":""dhamodharanm@kpmg.com"",""type"":""IDENTITY"",""id"":""d30f1381b17a4357bfc0e048aacd8098"",""name"":""dhamodharanm.admin""}",false,e7765063a7b2484293c228ba2f74e8d4,Test IT Role AP1,2024-03-12T20:16:11.303Z,2024-03-12T20:16:11.303Z
Input timecards,ACCESS_PROFILE,,,"{""email"":""Jerry.Bennett@sailpointdemo.com"",""type"":""IDENTITY"",""id"":""cbdc946ce60a4ec9acb14027fe609f35"",""name"":""Jerry.Bennett""}",false,e79531052319461d93407a85f354dafb,TRAKK Input,2023-05-02T05:56:12.998Z,2023-05-02T06:01:57.345Z
testing accessProfile,ACCESS_PROFILE,,,"{""email"":""dhamodharanm@kpmg.com"",""type"":""IDENTITY"",""id"":""d30f1381b17a4357bfc0e048aacd8098"",""name"":""dhamodharanm.admin""}",false,eb8e0a2ed4274c9492dc06ba0e29cc45,Test IT Role AP1_131,2024-03-15T02:47:44.359Z,2024-03-15T02:47:44.359Z
,ACCESS_PROFILE,,,"{""email"":""jatinluthra1@kpmg.com"",""type"":""IDENTITY"",""id"":""881c5ff10af9459d8ceac4070bfb778f"",""name"":""jatinluthra.admin""}",false,ee3733054e7347bfb664f48d418a375b,Zurich - Operations,2023-09-13T05:23:10.630Z,2023-09-13T05:26:49.354Z
Access to the headquarters building - exterior doors and common areas. And everywhere else,ACCESS_PROFILE,,,"{""email"":""Jerry.Bennett@sailpointdemo.com"",""type"":""IDENTITY"",""id"":""cbdc946ce60a4ec9acb14027fe609f35"",""name"":""Jerry.Bennett""}",true,f039468a3a9c4c038b9a9faea1c9c878,Badging - HQ Access,2023-05-02T05:56:12.947Z,2023-05-02T06:02:06.066Z
,ACCESS_PROFILE,,,"{""email"":""jatinluthra1@kpmg.com"",""type"":""IDENTITY"",""id"":""d1bd0ab7b2f54d40b80973267e1fa263"",""name"":""ZR Approver B""}",false,f417a83ef3b44b6f993345c62b680657,Zurich - Application Support Engineer,2023-09-06T16:55:40.156Z,2023-09-19T07:57:10.354Z
testing accessProfile,ACCESS_PROFILE,,,"{""email"":""dhamodharanm@kpmg.com"",""type"":""IDENTITY"",""id"":""d30f1381b17a4357bfc0e048aacd8098"",""name"":""dhamodharanm.admin""}",false,fb3e21449d8c40ba89fb3a1dad2a533d,Testaccessprofile125,2024-02-06T15:01:12.453Z,2024-02-06T15:01:12.453Z
Grants access for the Enterprise Sales team,ACCESS_PROFILE,,,"{""email"":""Jerry.Bennett@sailpointdemo.com"",""type"":""IDENTITY"",""id"":""cbdc946ce60a4ec9acb14027fe609f35"",""name"":""Jerry.Bennett""}",false,fc2c7c295c4049e2b11bd05c57f929ba,SalesEnterprise,2023-05-02T05:56:12.727Z,2023-05-02T05:56:18.948Z
,ACCESS_PROFILE,,,"{""email"":""jatinluthra1@kpmg.com"",""type"":""IDENTITY"",""id"":""a41bd34f5a4445239c2457de395855ed"",""name"":""ZR Approver A""}",false,fd398ab0983d49308caab5864cb22e86,Zurich - Claims Analyst,2023-09-06T17:01:16.169Z,2023-09-19T08:04:22.425Z
Test IT Role131222,ROLE,,,"{""email"":""dhamodharanm@kpmg.com"",""type"":""IDENTITY"",""id"":""d30f1381b17a4357bfc0e048aacd8098"",""name"":""dhamodharanm.admin""}",false,01e4e12926b24395912c02f676e3262b,FirstRole_1001,2024-03-08T19:25:52.407Z,2024-03-08T19:25:52.407Z
Accounts Payable accounting staff,ROLE,,,"{""email"":""rthammineni@kpmg.com"",""type"":""IDENTITY"",""id"":""61d806622d474c02b312abe46cf80547"",""name"":""rthammineni.admin""}",false,041e4d70137e41c5a8827677bdbf0660,Account Payable Analyst,2023-07-01T18:34:31.512Z,2024-01-27T15:18:25.058Z
Test IT Role13,ROLE,,,"{""email"":""dhamodharanm@kpmg.com"",""type"":""IDENTITY"",""id"":""d30f1381b17a4357bfc0e048aacd8098"",""name"":""dhamodharanm.admin""}",false,058c53e7cdb64b01b276af97506eb13c,Test IT Role13,2024-01-23T05:31:33.618Z,2024-01-23T05:31:33.618Z
Role Migration,ROLE,,,"{""email"":""dhamodharanm@kpmg.com"",""type"":""IDENTITY"",""id"":""d30f1381b17a4357bfc0e048aacd8098"",""name"":""dhamodharanm.admin""}",false,066e565dc06f4c31aabe7fc6fb39b8a0,Test IT Role AP1_133,2024-03-17T10:47:33.462Z,2024-03-17T10:47:33.462Z
Test IT Role2,ROLE,,,"{""email"":""dhamodharanm@kpmg.com"",""type"":""IDENTITY"",""id"":""d30f1381b17a4357bfc0e048aacd8098"",""name"":""dhamodharanm.admin""}",false,182d6731c30b485fb07268059b09d051,Test IT Role2,2024-01-03T07:07:48.031Z,2024-01-03T07:07:48.031Z
Test IT Role13,ROLE,,,"{""email"":""dhamodharanm@kpmg.com"",""type"":""IDENTITY"",""id"":""d30f1381b17a4357bfc0e048aacd8098"",""name"":""dhamodharanm.admin""}",false,22b8ff95525340e79f1a27cf7b258c15,java role12599,2024-02-14T12:41:08.837Z,2024-02-14T12:41:08.837Z
This role gives Birthright access on the Active Directory and UK BU applications to the ZNA BU Users.,ROLE,,,"{""email"":""jatinluthra1@kpmg.com"",""type"":""IDENTITY"",""id"":""ed411eaf1201458fa718b8f9cd331f2e"",""name"":""ZR Source Owner""}",false,2553186e453e48e4aead3be94b48b041,Zurich - UK - Birthright Role,2023-09-13T08:19:17.512Z,2023-09-19T08:11:17.102Z
All Sales people in the company,ROLE,,,,false,25ba405e22fe46ce8cfcfa613952907f,SalesGlobal,2023-05-02T06:01:52.442Z,2023-05-02T06:01:55.019Z
Test IT Role13,ROLE,,,"{""email"":""dhamodharanm@kpmg.com"",""type"":""IDENTITY"",""id"":""d30f1381b17a4357bfc0e048aacd8098"",""name"":""dhamodharanm.admin""}",false,277b48339d924e8fb60eac6088bd05ec,Test IT Role155,2024-02-06T16:19:37.716Z,2024-02-06T16:19:37.716Z
Test IT Role131222,ROLE,,,"{""email"":""dhamodharanm@kpmg.com"",""type"":""IDENTITY"",""id"":""d30f1381b17a4357bfc0e048aacd8098"",""name"":""dhamodharanm.admin""}",false,2895e8db88574747bb2b57305bb1b2bd,newjavaroleforDemo16,2024-03-05T09:02:44.507Z,2024-03-05T09:02:44.507Z
Test IT Role13,ROLE,,,"{""email"":""dhamodharanm@kpmg.com"",""type"":""IDENTITY"",""id"":""d30f1381b17a4357bfc0e048aacd8098"",""name"":""dhamodharanm.admin""}",false,28dc042d235d4b4aa79dba48f0fc2375,java role1259,2024-02-14T04:57:12.953Z,2024-02-14T04:57:12.953Z
Test IT Role131222,ROLE,,,"{""email"":""dhamodharanm@kpmg.com"",""type"":""IDENTITY"",""id"":""d30f1381b17a4357bfc0e048aacd8098"",""name"":""dhamodharanm.admin""}",false,2e56a8ce5185481d9844b4a67bc852db,FirstRole_1004,2024-03-11T12:58:04.715Z,2024-03-11T12:58:04.715Z
Test IT Role131222,ROLE,,,"{""email"":""dhamodharanm@kpmg.com"",""type"":""IDENTITY"",""id"":""d30f1381b17a4357bfc0e048aacd8098"",""name"":""dhamodharanm.admin""}",false,31fc57df03164d9590d53416d70bd5d4,newRole_1003,2024-03-11T13:03:44.465Z,2024-03-11T13:03:44.465Z
Test IT Role13,ROLE,,,"{""email"":""dhamodharanm@kpmg.com"",""type"":""IDENTITY"",""id"":""d30f1381b17a4357bfc0e048aacd8098"",""name"":""dhamodharanm.admin""}",false,36149d6fd1ba41609a118f8b32721f08,java role1255,2024-02-09T06:15:20.732Z,2024-02-09T06:15:20.732Z
Test IT Role4,ROLE,,,"{""email"":""dhamodharanm@kpmg.com"",""type"":""IDENTITY"",""id"":""d30f1381b17a4357bfc0e048aacd8098"",""name"":""dhamodharanm.admin""}",false,384d32136d5a4e73af7c68ef1e3ed003,Test IT Role4,2024-01-22T13:46:40.831Z,2024-01-22T13:46:40.831Z
Test IT Role131222,ROLE,,,"{""email"":""dhamodharanm@kpmg.com"",""type"":""IDENTITY"",""id"":""d30f1381b17a4357bfc0e048aacd8098"",""name"":""dhamodharanm.admin""}",false,38c7c23490304a0da28cc515c519c63e,newjavaroleforDemo142,2024-03-06T16:06:06.844Z,2024-03-06T16:06:06.844Z
Test IT Role131222,ROLE,,,"{""email"":""dhamodharanm@kpmg.com"",""type"":""IDENTITY"",""id"":""d30f1381b17a4357bfc0e048aacd8098"",""name"":""dhamodharanm.admin""}",false,3a4f99c87b7c4878be00caf1d7e6485d,newjavaroleforDemo13,2024-03-05T07:38:08.156Z,2024-03-05T07:38:08.156Z
Zurich Active directory Important Access,ROLE,,,"{""email"":""sunilbalasahebd@kpmg.com"",""type"":""IDENTITY"",""id"":""2d18d9f3e34644fab8a845b34d0fdb05"",""name"":""sunilbalasahebd.admin""}",false,3b5571ce417647efb5e4818531f8732f,Zurich Important Access,2023-09-18T10:40:14.600Z,2023-09-18T10:42:44.151Z
Role Migration,ROLE,,,"{""email"":""dhamodharanm@kpmg.com"",""type"":""IDENTITY"",""id"":""d30f1381b17a4357bfc0e048aacd8098"",""name"":""dhamodharanm.admin""}",false,3f3b43061519424c809dd7dfe367f5ba,Test IT Role AP1_130,2024-03-14T13:09:00.304Z,2024-03-14T13:09:00.304Z
SalesEngineering,ROLE,,,,false,402edb40d83a42ff96eba22a5e5e7498,SalesEngineering,2023-05-02T06:01:52.326Z,2023-05-02T06:01:55.074Z
Test IT Role3,ROLE,,,"{""email"":""dhamodharanm@kpmg.com"",""type"":""IDENTITY"",""id"":""d30f1381b17a4357bfc0e048aacd8098"",""name"":""dhamodharanm.admin""}",false,4f6ef916120646f28310866a88f2a623,Test IT Role3,2024-01-03T07:13:01.869Z,2024-02-20T06:02:01.369Z
Test IT Role131222,ROLE,,,"{""email"":""dhamodharanm@kpmg.com"",""type"":""IDENTITY"",""id"":""d30f1381b17a4357bfc0e048aacd8098"",""name"":""dhamodharanm.admin""}",false,5c2a62b7787f44fda0b4877a7185672c,newjavaroleforDemo143,2024-03-07T06:06:03.117Z,2024-03-07T06:06:03.117Z
Test IT Role13,ROLE,,,"{""email"":""dhamodharanm@kpmg.com"",""type"":""IDENTITY"",""id"":""d30f1381b17a4357bfc0e048aacd8098"",""name"":""dhamodharanm.admin""}",false,5cda80adfd0f4e398ac54f6ea7541b9e,java role123,2024-02-08T17:43:31.985Z,2024-02-08T17:43:31.985Z
Test IT Role131222,ROLE,,,"{""email"":""dhamodharanm@kpmg.com"",""type"":""IDENTITY"",""id"":""d30f1381b17a4357bfc0e048aacd8098"",""name"":""dhamodharanm.admin""}",false,5da5ff311cef4b79801c2a0c3b1e6e55,newRole_1002,2024-03-11T13:03:45.394Z,2024-03-11T13:03:45.394Z
Test IT Role131222,ROLE,,,"{""email"":""dhamodharanm@kpmg.com"",""type"":""IDENTITY"",""id"":""d30f1381b17a4357bfc0e048aacd8098"",""name"":""dhamodharanm.admin""}",false,6b32e8b933fd4eba9a1f249cf0ea4a1d,newRole_1001,2024-03-11T13:03:46.228Z,2024-03-11T13:03:46.228Z
The Regional Sales Team,ROLE,,,,false,74ee33eca3184829a471dec84ac61b15,SalesRegional,2023-05-02T06:01:52.528Z,2023-05-02T06:01:55.042Z
Role Migration,ROLE,,,"{""email"":""dhamodharanm@kpmg.com"",""type"":""IDENTITY"",""id"":""d30f1381b17a4357bfc0e048aacd8098"",""name"":""dhamodharanm.admin""}",false,78f1aea879344855909471e0dbe55407,Test IT Role AP1,2024-03-12T20:16:11.807Z,2024-03-12T20:16:11.807Z
Role Migration,ROLE,,,"{""email"":""dhamodharanm@kpmg.com"",""type"":""IDENTITY"",""id"":""d30f1381b17a4357bfc0e048aacd8098"",""name"":""dhamodharanm.admin""}",false,814ac6e18c5a4ecf91ec434a10af140e,Test IT Role AP1_132,2024-03-15T09:19:45.625Z,2024-03-15T09:19:45.625Z
Test IT Role13,ROLE,,,"{""email"":""dhamodharanm@kpmg.com"",""type"":""IDENTITY"",""id"":""d30f1381b17a4357bfc0e048aacd8098"",""name"":""dhamodharanm.admin""}",false,8eb25991ef8b4f9699d9a3f16d57a636,role with AP,2024-02-06T16:23:39.197Z,2024-02-06T16:23:39.197Z
,ROLE,,,"{""email"":""rthammineni@kpmg.com"",""type"":""IDENTITY"",""id"":""61d806622d474c02b312abe46cf80547"",""name"":""rthammineni.admin""}",false,922853245089445e89f74c0d8d74fcbc,Accounts Payable Analyst - IEC,2024-02-18T14:23:38.553Z,2024-02-24T17:26:11.705Z
,ROLE,,,"{""email"":""rthammineni@kpmg.com"",""type"":""IDENTITY"",""id"":""61d806622d474c02b312abe46cf80547"",""name"":""rthammineni.admin""}",false,962f6d48f4ca409a813ae2780ed448a3,AD Admins,2023-07-15T15:08:32.718Z,2023-07-15T15:09:16.101Z
Test IT Role131222,ROLE,,,"{""email"":""dhamodharanm@kpmg.com"",""type"":""IDENTITY"",""id"":""d30f1381b17a4357bfc0e048aacd8098"",""name"":""dhamodharanm.admin""}",false,9d2cc0d7373049febdfbc4fbcc99ae2d,newjavaroleforDemo12,2024-03-05T06:50:49.101Z,2024-03-05T06:50:49.101Z
Test IT Role13,ROLE,,,"{""email"":""dhamodharanm@kpmg.com"",""type"":""IDENTITY"",""id"":""d30f1381b17a4357bfc0e048aacd8098"",""name"":""dhamodharanm.admin""}",false,9d49e7bd4f98410f92bb66fac49a8aa8,java role,2024-02-08T16:20:44.356Z,2024-02-08T16:20:44.356Z
The Enterprise Sales Team,ROLE,,,,false,a3ab3c81fd664bb89e9c3575ac89e937,SalesEnterprise,2023-05-02T06:01:52.397Z,2023-05-02T06:01:55.016Z
Role Migration,ROLE,,,"{""email"":""dhamodharanm@kpmg.com"",""type"":""IDENTITY"",""id"":""d30f1381b17a4357bfc0e048aacd8098"",""name"":""dhamodharanm.admin""}",false,aa90c9593a684372a2075c7e2132751e,Test IT Role AP1_126,2024-03-13T14:25:30.398Z,2024-03-13T14:25:30.398Z
Base level Domain account for active employees,ROLE,,,,false,af022a90c99348b88df77d07a4bd95af,Current Employee Base Access,2023-05-02T06:01:52.235Z,2023-05-02T06:01:55.550Z
,ROLE,,,"{""email"":""svellaiyan@KPMG.com"",""type"":""IDENTITY"",""id"":""ee635ec6df9a4a76b731fa946950a1ec"",""name"":""shenbavellaiyan.admin""}",false,afb93dff21174ed5ad27b38779232fee,CertTest Role,2023-12-13T01:03:15.697Z,2023-12-14T01:58:49.783Z
Test IT Role131222,ROLE,,,"{""email"":""dhamodharanm@kpmg.com"",""type"":""IDENTITY"",""id"":""d30f1381b17a4357bfc0e048aacd8098"",""name"":""dhamodharanm.admin""}",false,b0652575e9804cdf8098d0172aeae2a5,newjavaroleforDemo15,2024-03-05T08:58:08.375Z,2024-03-05T08:58:08.375Z
,ROLE,,,"{""email"":""Catherine.Simmons@acme1"",""type"":""IDENTITY"",""id"":""af14c71f8cd44febb3c239baaa3ffd02"",""name"":""Catherine.Simmons1""}",false,b378a51dddb94938bd5c165bf63fb781,Treasury Analyst - IEC,2024-02-24T22:15:16.304Z,2024-02-24T22:16:35.883Z
Test IT Role131222,ROLE,,,"{""email"":""dhamodharanm@kpmg.com"",""type"":""IDENTITY"",""id"":""d30f1381b17a4357bfc0e048aacd8098"",""name"":""dhamodharanm.admin""}",false,b61dd0c2cb454809abac9a7e6820ec09,newjavaroleforDemo,2024-03-04T17:52:49.093Z,2024-03-04T17:52:49.093Z
Role Migration,ROLE,,,"{""email"":""dhamodharanm@kpmg.com"",""type"":""IDENTITY"",""id"":""d30f1381b17a4357bfc0e048aacd8098"",""name"":""dhamodharanm.admin""}",false,be822acf91244e4f95dc4946a0927ee7,Test IT Role AP1_127,2024-03-13T14:35:15.303Z,2024-03-13T14:35:15.303Z
Test IT Role13,ROLE,,,"{""email"":""dhamodharanm@kpmg.com"",""type"":""IDENTITY"",""id"":""d30f1381b17a4357bfc0e048aacd8098"",""name"":""dhamodharanm.admin""}",false,c3e2f81d61d8467ba49a97f813c23e05,java role1257,2024-02-13T05:39:24.585Z,2024-02-13T05:39:24.585Z
Test IT Role131222,ROLE,,,"{""email"":""dhamodharanm@kpmg.com"",""type"":""IDENTITY"",""id"":""d30f1381b17a4357bfc0e048aacd8098"",""name"":""dhamodharanm.admin""}",false,ca444973cdfd4153850c6b369e25cb7b,newjavaroleforDemo14,2024-03-05T07:49:02.294Z,2024-03-05T07:49:02.294Z
Accounts Receivable Analyst,ROLE,,,,false,dd0731ed6cc64b089ebed9870810d35d,Accounts Receivable Analyst,2023-05-02T06:01:52.078Z,2023-05-02T06:01:54.996Z
Accounts Payable Analyst,ROLE,,,,false,de1a4d40ebd04b468a44e1d62b7458ce,Accounts Payable Analyst,2023-05-02T06:01:52.025Z,2023-05-02T06:01:54.997Z
Role Migration,ROLE,,,"{""email"":""dhamodharanm@kpmg.com"",""type"":""IDENTITY"",""id"":""d30f1381b17a4357bfc0e048aacd8098"",""name"":""dhamodharanm.admin""}",false,de74440600c74548abaad8261e398835,Test IT Role AP1_123,2024-03-13T06:53:17.730Z,2024-03-13T06:53:17.730Z
Test IT Role131222,ROLE,,,"{""email"":""dhamodharanm@kpmg.com"",""type"":""IDENTITY"",""id"":""d30f1381b17a4357bfc0e048aacd8098"",""name"":""dhamodharanm.admin""}",false,e406c68a394b4615a4b0d84581efe5c2,FirstRole_1002,2024-03-08T19:25:53.279Z,2024-03-08T19:25:53.279Z
Test IT Role131222,ROLE,,,"{""email"":""dhamodharanm@kpmg.com"",""type"":""IDENTITY"",""id"":""d30f1381b17a4357bfc0e048aacd8098"",""name"":""dhamodharanm.admin""}",false,e4c3b87859214a74bf5df8e6528f4fe4,FirstRole_1000,2024-03-08T19:25:51.511Z,2024-03-08T19:25:51.511Z
Test IT Role13,ROLE,,,"{""email"":""dhamodharanm@kpmg.com"",""type"":""IDENTITY"",""id"":""d30f1381b17a4357bfc0e048aacd8098"",""name"":""dhamodharanm.admin""}",false,e4f9b9c1a7ea45b39fcd24ed50945890,java role1258,2024-02-14T03:24:58.607Z,2024-02-14T03:24:58.607Z
Role Migration,ROLE,,,"{""email"":""dhamodharanm@kpmg.com"",""type"":""IDENTITY"",""id"":""d30f1381b17a4357bfc0e048aacd8098"",""name"":""dhamodharanm.admin""}",false,e5ea0fac50be452a9789353095699332,Test IT Role AP1_131,2024-03-15T02:47:44.918Z,2024-03-15T02:47:44.918Z
Role Migration,ROLE,,,"{""email"":""dhamodharanm@kpmg.com"",""type"":""IDENTITY"",""id"":""d30f1381b17a4357bfc0e048aacd8098"",""name"":""dhamodharanm.admin""}",false,ecc5aea766114f6e9c8c04c6891f88fc,Test IT Role AP1_129,2024-03-14T06:25:26.289Z,2024-03-14T06:25:26.289Z
Dallas Users Role,ROLE,,,"{""email"":""rthammineni@kpmg.com"",""type"":""IDENTITY"",""id"":""61d806622d474c02b312abe46cf80547"",""name"":""rthammineni.admin""}",false,f6209494800244a3bf53642b01c0a52f,Dallas Users Role,2023-07-09T01:38:48.575Z,2023-07-09T01:52:01.855Z