id,name,description,created,modified,enabled,owner,source,entitlements,requestable,accessRequestConfig,revocationRequestConfig,segments,provisioningCriteria
2a550d03afbe43caae16b2b472ac15db,Benefits Employees,Access for Benefits Employees. Distribution group and File share access.,2023-05-02T05:56:12.523Z,2023-05-02T06:02:00.412Z,true,"{""type"":""IDENTITY"",""id"":""cbdc946ce60a4ec9acb14027fe609f35"",""name"":""Jerry.Bennett""}","{""id"":""386f7e49a9764eb79de8233656c1eec7"",""type"":""SOURCE"",""name"":""Active Directory""}","[{""id"":""3ac7a78db6ac457cb7c6945bc9090182"",""type"":""ENTITLEMENT"",""name"":""Benefits""}]",true,"{""commentsRequired"":true,""denialCommentsRequired"":true,""approvalSchemes"":[{""approverType"":""APP_OWNER"",""approverId"":null}]}","{""approvalSchemes"":[]}",[],
989e555c314c41b19c3a7c08e75b9d80,Payroll Admin Access,Internal Payroll Admin Application Access,2023-05-02T05:56:12.641Z,2023-05-02T06:02:00.485Z,true,"{""type"":""IDENTITY"",""id"":""cbdc946ce60a4ec9acb14027fe609f35"",""name"":""Jerry.Bennett""}","{""id"":""386f7e49a9764eb79de8233656c1eec7"",""type"":""SOURCE"",""name"":""Active Directory""}","[{""id"":""034384ceabe3431ea0ee82ada7440567"",""type"":""ENTITLEMENT"",""name"":""PayrollProjects""},{""id"":""6ace991187dc473e95470e029f5ad02b"",""type"":""ENTITLEMENT"",""name"":""PayrollControls""}]",true,"{""commentsRequired"":true,""denialCommentsRequired"":true,""approvalSchemes"":[{""approverType"":""APP_OWNER"",""approverId"":null}]}","{""approvalSchemes"":[]}",[],
7f2197f9613d4799a12191f035ce09bf,Corporate VPN Access,Corporate VPN Access,2023-05-02T05:56:12.691Z,2023-05-02T06:01:54.466Z,true,"{""type"":""IDENTITY"",""id"":""cbdc946ce60a4ec9acb14027fe609f35"",""name"":""Jerry.Bennett""}","{""id"":""386f7e49a9764eb79de8233656c1eec7"",""type"":""SOURCE"",""name"":""Active Directory""}","[{""id"":""15f05577d1bd4f90a51df55d74379799"",""type"":""ENTITLEMENT"",""name"":""Corporate-VPN""}]",true,"{""commentsRequired"":true,""denialCommentsRequired"":true,""approvalSchemes"":[{""approverType"":""APP_OWNER"",""approverId"":null}]}","{""approvalSchemes"":[]}",[],
fc2c7c295c4049e2b11bd05c57f929ba,SalesEnterprise,Grants access for the Enterprise Sales team,2023-05-02T05:56:12.727Z,2023-05-02T05:56:18.948Z,true,"{""type"":""IDENTITY"",""id"":""cbdc946ce60a4ec9acb14027fe609f35"",""name"":""Jerry.Bennett""}","{""id"":""386f7e49a9764eb79de8233656c1eec7"",""type"":""SOURCE"",""name"":""Active Directory""}","[{""id"":""d0bd697452aa4eac91a209255b657a96"",""type"":""ENTITLEMENT"",""name"":""Salesforce contacts management""},{""id"":""7146254e5bc54426b0ec347896500f1a"",""type"":""ENTITLEMENT"",""name"":""Sales-Enterprise Accounts""},{""id"":""93920326dbaf4f0b9e200c56675eeeec"",""type"":""ENTITLEMENT"",""name"":""Salesforce Enterprise Sales dashboard""}]",true,"{""commentsRequired"":false,""denialCommentsRequired"":false,""approvalSchemes"":[]}","{""approvalSchemes"":[]}",[],
4fbfd40683d74dbb95d35716ce320da2,Accounts Payable,Internal Accounts Payable Application Access,2023-05-02T05:56:12.746Z,2024-02-11T06:44:24.246216Z,true,"{""type"":""IDENTITY"",""id"":""a4bbfc268d554df4b527d2eb4783c0f7"",""name"":""Patricia.Jones""}","{""id"":""386f7e49a9764eb79de8233656c1eec7"",""type"":""SOURCE"",""name"":""Active Directory""}","[{""id"":""2fc9af3e487e4e04ba3a3ffa4bec8b08"",""type"":""ENTITLEMENT"",""name"":""AccountsPayable""}]",true,"{""commentsRequired"":true,""denialCommentsRequired"":true,""approvalSchemes"":[{""approverType"":""APP_OWNER"",""approverId"":null}]}","{""approvalSchemes"":[]}",6b3100f0-c4a9-46c2-8133-d3923d3cf85e,
4f83e849056c40e39b6969e58b7e1dcc,SalesCommonAccess,Grants basic access for everyone in the sale department,2023-05-02T05:56:12.747Z,2023-05-02T05:56:18.424Z,true,"{""type"":""IDENTITY"",""id"":""cbdc946ce60a4ec9acb14027fe609f35"",""name"":""Jerry.Bennett""}","{""id"":""386f7e49a9764eb79de8233656c1eec7"",""type"":""SOURCE"",""name"":""Active Directory""}","[{""id"":""70e7544be10949c99b9efcac82a009c4"",""type"":""ENTITLEMENT"",""name"":""Sales-Folder""},{""id"":""adafca1e10284b0cacbd900386ba49ca"",""type"":""ENTITLEMENT"",""name"":""Salesforce opportunity management""},{""id"":""062b836da901473fb9eeccb594ad07db"",""type"":""ENTITLEMENT"",""name"":""Salesforce Access""}]",true,"{""commentsRequired"":false,""denialCommentsRequired"":false,""approvalSchemes"":[]}","{""approvalSchemes"":[]}",[],
61103ea2fb674192941ca323d4488d4a,TRAKK Reject,Reject timecards,2023-05-02T05:56:12.807Z,2023-05-02T05:56:18.447Z,true,"{""type"":""IDENTITY"",""id"":""cbdc946ce60a4ec9acb14027fe609f35"",""name"":""Jerry.Bennett""}","{""id"":""04f39ad0f6464c848cccd8e6dd895c17"",""type"":""SOURCE"",""name"":""TRAKK-WS""}","[{""id"":""071ff6a5c7fd4486a3e90ad3229e209a"",""type"":""ENTITLEMENT"",""name"":""reject""}]",true,"{""commentsRequired"":false,""denialCommentsRequired"":false,""approvalSchemes"":[]}","{""approvalSchemes"":[]}",[],
2898d364108e48f5970f5ba176d590b5,PRISM ERP - User Access,Grants user access to the PRISM ERP system,2023-05-02T05:56:12.822Z,2023-05-02T06:02:08.881Z,true,"{""type"":""IDENTITY"",""id"":""cbdc946ce60a4ec9acb14027fe609f35"",""name"":""Jerry.Bennett""}","{""id"":""567e584ba9c8463cb4e755e1aa62bbe2"",""type"":""SOURCE"",""name"":""PRISM""}","[{""id"":""ce3506cc7d714b4cb8012aaeb3a962ee"",""type"":""ENTITLEMENT"",""name"":""User""}]",true,"{""commentsRequired"":false,""denialCommentsRequired"":false,""approvalSchemes"":[]}","{""approvalSchemes"":[]}",[],
7a88f0c0d2ed4928b20ce40e518afa77,Employee Base Account,Base Active Directory account for all active employees,2023-05-02T05:56:12.876Z,2023-05-02T05:56:18.754Z,true,"{""type"":""IDENTITY"",""id"":""cbdc946ce60a4ec9acb14027fe609f35"",""name"":""Jerry.Bennett""}","{""id"":""386f7e49a9764eb79de8233656c1eec7"",""type"":""SOURCE"",""name"":""Active Directory""}","[{""id"":""20314f31bd3a49aba37bf10b1dacf837"",""type"":""ENTITLEMENT"",""name"":""campusAccess""}]",true,"{""commentsRequired"":true,""denialCommentsRequired"":true,""approvalSchemes"":[{""approverType"":""APP_OWNER"",""approverId"":null}]}","{""approvalSchemes"":[]}",[],
caffb6a2ec654cc1a68b3a18038c6bb5,SalesRegional,Grants access to the regional account managers,2023-05-02T05:56:12.916Z,2023-05-02T05:56:18.455Z,true,"{""type"":""IDENTITY"",""id"":""cbdc946ce60a4ec9acb14027fe609f35"",""name"":""Jerry.Bennett""}","{""id"":""386f7e49a9764eb79de8233656c1eec7"",""type"":""SOURCE"",""name"":""Active Directory""}","[{""id"":""d92b7b99fc4f4c83828997472015feaa"",""type"":""ENTITLEMENT"",""name"":""Sales-Regional Accounts""},{""id"":""379bd4691473455bbe31d4cd63d7e295"",""type"":""ENTITLEMENT"",""name"":""Salesforce Regional Sales dashboard""},{""id"":""d0bd697452aa4eac91a209255b657a96"",""type"":""ENTITLEMENT"",""name"":""Salesforce contacts management""}]",true,"{""commentsRequired"":false,""denialCommentsRequired"":false,""approvalSchemes"":[]}","{""approvalSchemes"":[]}",[],
50eb9c828e1b4adeb733272a98849f26,TRAKK Approve,Approve timecards,2023-05-02T05:56:12.918Z,2023-05-02T05:56:19.013Z,true,"{""type"":""IDENTITY"",""id"":""cbdc946ce60a4ec9acb14027fe609f35"",""name"":""Jerry.Bennett""}","{""id"":""04f39ad0f6464c848cccd8e6dd895c17"",""type"":""SOURCE"",""name"":""TRAKK-WS""}","[{""id"":""d8d210a885f74737a07f6c050863f3eb"",""type"":""ENTITLEMENT"",""name"":""approve""}]",true,"{""commentsRequired"":false,""denialCommentsRequired"":false,""approvalSchemes"":[]}","{""approvalSchemes"":[]}",[],
969c3327f2274aafb99066fc2f9ba8f9,Financial Systems Analyst Access,Financial Systems Analyst Access,2023-05-02T05:56:12.943Z,2023-05-02T06:02:00.528Z,true,"{""type"":""IDENTITY"",""id"":""a4bbfc268d554df4b527d2eb4783c0f7"",""name"":""Patricia.Jones""}","{""id"":""386f7e49a9764eb79de8233656c1eec7"",""type"":""SOURCE"",""name"":""Active Directory""}","[{""id"":""73ef0117302d486998cb605b6b592df6"",""type"":""ENTITLEMENT"",""name"":""Finance-Invoicing""},{""id"":""97a1cefccf2541cfbfd78cb304863330"",""type"":""ENTITLEMENT"",""name"":""FinanceUsers""}]",true,"{""commentsRequired"":true,""denialCommentsRequired"":true,""approvalSchemes"":[{""approverType"":""APP_OWNER"",""approverId"":null}]}","{""approvalSchemes"":[]}",[],
f039468a3a9c4c038b9a9faea1c9c878,Badging - HQ Access,Access to the headquarters building - exterior doors and common areas. And everywhere else,2023-05-02T05:56:12.947Z,2023-05-02T06:02:06.066Z,true,"{""type"":""IDENTITY"",""id"":""cbdc946ce60a4ec9acb14027fe609f35"",""name"":""Jerry.Bennett""}","{""id"":""3fe194a90dd64befa567a3aa96c03318"",""type"":""SOURCE"",""name"":""Badging""}","[{""id"":""a21b6a46dc414567b19dde0c82797c0e"",""type"":""ENTITLEMENT"",""name"":""HQ Access""}]",true,"{""commentsRequired"":true,""denialCommentsRequired"":true,""approvalSchemes"":[{""approverType"":""APP_OWNER"",""approverId"":null}]}","{""approvalSchemes"":[]}",[],
1cbac4826fac4361b084ec62e6e740ca,SalesEngineering,Grants access to the Sales Engineering team,2023-05-02T05:56:12.948Z,2023-05-02T05:56:18.451Z,true,"{""type"":""IDENTITY"",""id"":""cbdc946ce60a4ec9acb14027fe609f35"",""name"":""Jerry.Bennett""}","{""id"":""386f7e49a9764eb79de8233656c1eec7"",""type"":""SOURCE"",""name"":""Active Directory""}","[{""id"":""65b109b2799543aa9eff1d4afb655865"",""type"":""ENTITLEMENT"",""name"":""SalesEngineering-Demo""},{""id"":""17c3e8c2f6744e4cbf8c8ceba252055e"",""type"":""ENTITLEMENT"",""name"":""SalesEngineering-RFP""},{""id"":""90f1fe84020148819f9c93308476a5bb"",""type"":""ENTITLEMENT"",""name"":""SalesEngineering-TechnologyExchange""},{""id"":""1dabf1a8ba634cee832828b4b8120bdf"",""type"":""ENTITLEMENT"",""name"":""SalesEngineering-Training""}]",true,"{""commentsRequired"":false,""denialCommentsRequired"":false,""approvalSchemes"":[]}","{""approvalSchemes"":[]}",[],
c937583c133a4adc98ef07b057383b18,Accounts Receivable,Internal Accounts Receivable Application Access,2023-05-02T05:56:12.948Z,2023-05-02T06:02:00.464Z,true,"{""type"":""IDENTITY"",""id"":""a4bbfc268d554df4b527d2eb4783c0f7"",""name"":""Patricia.Jones""}","{""id"":""386f7e49a9764eb79de8233656c1eec7"",""type"":""SOURCE"",""name"":""Active Directory""}","[{""id"":""84cc7d06fb47446aa4724eb8d55a77a5"",""type"":""ENTITLEMENT"",""name"":""AccountsReceivable""}]",true,"{""commentsRequired"":true,""denialCommentsRequired"":true,""approvalSchemes"":[{""approverType"":""APP_OWNER"",""approverId"":null}]}","{""approvalSchemes"":[]}",[],
355ca02d6c7e4eaabb7cf355c3c0d1b4,PRISM ERP - Report Admin,Grants report administrator access to the PRISM ERP system.,2023-05-02T05:56:12.996Z,2023-05-02T06:02:08.91Z,true,"{""type"":""IDENTITY"",""id"":""cbdc946ce60a4ec9acb14027fe609f35"",""name"":""Jerry.Bennett""}","{""id"":""567e584ba9c8463cb4e755e1aa62bbe2"",""type"":""SOURCE"",""name"":""PRISM""}","[{""id"":""50f3276c5b944c439e1da28eac05cd3c"",""type"":""ENTITLEMENT"",""name"":""View_Reports""},{""id"":""08ea634c44ad4b32805e56994e4162af"",""type"":""ENTITLEMENT"",""name"":""Modify_Reports""},{""id"":""2de72112ae2b4cbfb0cc53d8f4d51926"",""type"":""ENTITLEMENT"",""name"":""Create_Reports""}]",true,"{""commentsRequired"":false,""denialCommentsRequired"":false,""approvalSchemes"":[]}","{""approvalSchemes"":[]}",[],
e79531052319461d93407a85f354dafb,TRAKK Input,Input timecards,2023-05-02T05:56:12.998Z,2023-05-02T06:01:57.345Z,true,"{""type"":""IDENTITY"",""id"":""cbdc946ce60a4ec9acb14027fe609f35"",""name"":""Jerry.Bennett""}","{""id"":""04f39ad0f6464c848cccd8e6dd895c17"",""type"":""SOURCE"",""name"":""TRAKK-WS""}","[{""id"":""06d74a851d9347e088ec17c1a1a429d1"",""type"":""ENTITLEMENT"",""name"":""input""}]",true,"{""commentsRequired"":false,""denialCommentsRequired"":false,""approvalSchemes"":[]}","{""approvalSchemes"":[]}",[],
daaffb9287ec4552b607f86e0dce8589,Airgap - Basic Access,Basic access to the Airgap system. This will require a ServiceNow ticket for manual fulfillment. The application has no network connectivity.,2023-05-02T05:56:13.002Z,2023-05-02T06:02:03.35Z,true,"{""type"":""IDENTITY"",""id"":""cbdc946ce60a4ec9acb14027fe609f35"",""name"":""Jerry.Bennett""}","{""id"":""f7c39071b876465aafa4855baf0aff03"",""type"":""SOURCE"",""name"":""Airgap Application""}","[{""id"":""6c1a47508f6a4fe385d3d7977d5990b5"",""type"":""ENTITLEMENT"",""name"":""Basic Access""}]",true,"{""commentsRequired"":true,""denialCommentsRequired"":true,""approvalSchemes"":[{""approverType"":""APP_OWNER"",""approverId"":null}]}","{""approvalSchemes"":[]}",[],
3428af62cad3430695b3fb120a07ada6,Buyer,Allowed to make acquisitions,2023-05-02T05:56:13.016Z,2023-05-02T06:02:00.441Z,true,"{""type"":""IDENTITY"",""id"":""cbdc946ce60a4ec9acb14027fe609f35"",""name"":""Jerry.Bennett""}","{""id"":""386f7e49a9764eb79de8233656c1eec7"",""type"":""SOURCE"",""name"":""Active Directory""}","[{""id"":""b880857349ef4e85b51b343246110981"",""type"":""ENTITLEMENT"",""name"":""Buyer""}]",true,"{""commentsRequired"":true,""denialCommentsRequired"":true,""approvalSchemes"":[{""approverType"":""APP_OWNER"",""approverId"":null}]}","{""approvalSchemes"":[]}",[],
e6b39221e3594728bb15bc015b61fbc1,PRISM ERP Employee Access,Grants user access to the PRISM ERP system,2023-05-02T05:56:13.02Z,2023-05-02T05:56:18.527Z,true,"{""type"":""IDENTITY"",""id"":""cbdc946ce60a4ec9acb14027fe609f35"",""name"":""Jerry.Bennett""}","{""id"":""567e584ba9c8463cb4e755e1aa62bbe2"",""type"":""SOURCE"",""name"":""PRISM""}","[{""id"":""50f3276c5b944c439e1da28eac05cd3c"",""type"":""ENTITLEMENT"",""name"":""View_Reports""},{""id"":""9ba944ed0f5f4cf5b906e992d608341c"",""type"":""ENTITLEMENT"",""name"":""Internal_Employee""},{""id"":""ce3506cc7d714b4cb8012aaeb3a962ee"",""type"":""ENTITLEMENT"",""name"":""User""}]",true,"{""commentsRequired"":false,""denialCommentsRequired"":false,""approvalSchemes"":[]}","{""approvalSchemes"":[]}",[],
caa11bb9c1e447979bd2cedc7694dbbd,PRISM ERP - Super Admin,Admin access to PRISM system,2023-05-02T05:56:13.022Z,2023-05-02T05:56:19.59Z,true,"{""type"":""IDENTITY"",""id"":""cbdc946ce60a4ec9acb14027fe609f35"",""name"":""Jerry.Bennett""}","{""id"":""567e584ba9c8463cb4e755e1aa62bbe2"",""type"":""SOURCE"",""name"":""PRISM""}","[{""id"":""50f3276c5b944c439e1da28eac05cd3c"",""type"":""ENTITLEMENT"",""name"":""View_Reports""},{""id"":""08ea634c44ad4b32805e56994e4162af"",""type"":""ENTITLEMENT"",""name"":""Modify_Reports""},{""id"":""2e6dfba836c6418a87503c5bce85de68"",""type"":""ENTITLEMENT"",""name"":""Super""},{""id"":""2de72112ae2b4cbfb0cc53d8f4d51926"",""type"":""ENTITLEMENT"",""name"":""Create_Reports""}]",true,"{""commentsRequired"":false,""denialCommentsRequired"":false,""approvalSchemes"":[]}","{""approvalSchemes"":[]}",[],
71235c6381d643b49548c9c8880f2e3e,Default Employee Access,Access for all ACME employees,2023-07-01T18:07:42.027Z,2023-07-17T22:04:24.04Z,true,"{""type"":""IDENTITY"",""id"":""61d806622d474c02b312abe46cf80547"",""name"":""rthammineni.admin""}","{""id"":""386f7e49a9764eb79de8233656c1eec7"",""type"":""SOURCE"",""name"":""Active Directory""}","[{""id"":""02ab770b464646b9a8bd242f47fc92fa"",""type"":""ENTITLEMENT"",""name"":""All_Users""}]",true,"{""commentsRequired"":false,""denialCommentsRequired"":false,""approvalSchemes"":[]}","{""approvalSchemes"":[]}",[],
0ddabe52cb784040b14e80394f90b165,Benefits,Corp Benefits enrollment,2023-07-01T18:15:23.218Z,2023-07-01T18:16:33.811Z,false,"{""type"":""IDENTITY"",""id"":""61d806622d474c02b312abe46cf80547"",""name"":""rthammineni.admin""}","{""id"":""386f7e49a9764eb79de8233656c1eec7"",""type"":""SOURCE"",""name"":""Active Directory""}","[{""id"":""3ac7a78db6ac457cb7c6945bc9090182"",""type"":""ENTITLEMENT"",""name"":""Benefits""}]",true,"{""commentsRequired"":false,""denialCommentsRequired"":false,""approvalSchemes"":[]}","{""approvalSchemes"":[]}",[],
3e21646468704cf2874a8b3827c80b4e,Travel and Expense,Book corp travel and file expense reports,2023-07-01T18:18:14.229Z,2024-02-26T11:25:12.018Z,true,"{""type"":""IDENTITY"",""id"":""61d806622d474c02b312abe46cf80547"",""name"":""rthammineni.admin""}","{""id"":""386f7e49a9764eb79de8233656c1eec7"",""type"":""SOURCE"",""name"":""Active Directory""}","[{""id"":""130e3ebe7daf4ad5ba4b6d0c6210740e"",""type"":""ENTITLEMENT"",""name"":""Treasury""}]",true,"{""commentsRequired"":false,""denialCommentsRequired"":false,""approvalSchemes"":[]}","{""approvalSchemes"":[]}",[],
6dbf3fc2ece54895a2ee5bc617af2d37,T&E Approver,Approve travel requests and expense reimbursements,2023-07-01T18:22:16.843Z,2023-10-27T14:29:32.813Z,false,"{""type"":""IDENTITY"",""id"":""61d806622d474c02b312abe46cf80547"",""name"":""rthammineni.admin""}","{""id"":""386f7e49a9764eb79de8233656c1eec7"",""type"":""SOURCE"",""name"":""Active Directory""}",[],true,"{""commentsRequired"":false,""denialCommentsRequired"":false,""approvalSchemes"":[]}","{""approvalSchemes"":[]}",[],
60ca2cebb154480397cca6523c1881e7,AP system,Accounts Payable system data entry,2023-07-01T18:25:52.692Z,2023-07-01T18:30:42.224Z,true,"{""type"":""IDENTITY"",""id"":""61d806622d474c02b312abe46cf80547"",""name"":""rthammineni.admin""}","{""id"":""6e94edd99e4c4de4950ada7c8e82d16d"",""type"":""SOURCE"",""name"":""Finance""}","[{""id"":""04bdacc66c2d4241aa341d2cb283c7fc"",""type"":""ENTITLEMENT"",""name"":""Transactiopn Reporting""},{""id"":""258d53084ca04abc940bf0ff49af200f"",""type"":""ENTITLEMENT"",""name"":""Account Payable""}]",true,"{""commentsRequired"":false,""denialCommentsRequired"":false,""approvalSchemes"":[]}","{""approvalSchemes"":[]}",[],
a4185956220a4720a2e39266f1770d40,Vendor Creation,Setup accounting vendors,2023-07-01T18:27:56.089Z,2023-07-01T18:28:17.058Z,false,"{""type"":""IDENTITY"",""id"":""61d806622d474c02b312abe46cf80547"",""name"":""rthammineni.admin""}","{""id"":""6e94edd99e4c4de4950ada7c8e82d16d"",""type"":""SOURCE"",""name"":""Finance""}","[{""id"":""3de19e5a7ba34033867b3f8be75ffe9a"",""type"":""ENTITLEMENT"",""name"":""VendorCreation""}]",true,"{""commentsRequired"":false,""denialCommentsRequired"":false,""approvalSchemes"":[]}","{""approvalSchemes"":[]}",[],
c944440a020242a1856d742335d8d0f7,Employee Azure Access,Employee Azure Access,2023-07-03T20:24:17.7Z,2023-07-03T20:26:06.364Z,true,"{""type"":""IDENTITY"",""id"":""61d806622d474c02b312abe46cf80547"",""name"":""rthammineni.admin""}","{""id"":""dea54ad48b254cae9521de4b3f8621d0"",""type"":""SOURCE"",""name"":""Azure AD""}","[{""id"":""eb60d14b70cd48d0a9cf086e432eda46"",""type"":""ENTITLEMENT"",""name"":""Azure Portal""}]",true,"{""commentsRequired"":false,""denialCommentsRequired"":false,""approvalSchemes"":[]}","{""approvalSchemes"":[]}",[],
2b715ad116aa438ab3eedc6e62613f5b,Test IDN AD Group Access Profile,,2023-07-07T23:42:52.398Z,2023-07-07T23:43:53.394Z,true,"{""type"":""IDENTITY"",""id"":""61d806622d474c02b312abe46cf80547"",""name"":""rthammineni.admin""}","{""id"":""3e3ee3f6f4ab44548a3498260f89b94e"",""type"":""SOURCE"",""name"":""AD Atlanta Lab""}","[{""id"":""559f5f208447459c87b2ce818b8de6c3"",""type"":""ENTITLEMENT"",""name"":""IDN test group""}]",true,"{""commentsRequired"":false,""denialCommentsRequired"":false,""approvalSchemes"":[]}","{""approvalSchemes"":[]}",[],
d873a3a5057947bc85a3078176891a4e,Dallas Access Profile,Dallas Access Profile,2023-07-09T01:26:58.485Z,2023-07-09T01:37:21.856Z,true,"{""type"":""IDENTITY"",""id"":""61d806622d474c02b312abe46cf80547"",""name"":""rthammineni.admin""}","{""id"":""3e3ee3f6f4ab44548a3498260f89b94e"",""type"":""SOURCE"",""name"":""AD Atlanta Lab""}","[{""id"":""972423f0cc874e81bc018e445ed700ff"",""type"":""ENTITLEMENT"",""name"":""Dallas-Users""}]",true,"{""commentsRequired"":false,""denialCommentsRequired"":false,""approvalSchemes"":[{""approverType"":""OWNER"",""approverId"":null}]}","{""approvalSchemes"":[]}",[],
3dbd5d6b04c6461fa327c520d6d8aba9,AD Admins,,2023-07-15T15:06:44.81Z,2023-07-15T16:30:15.988Z,true,"{""type"":""IDENTITY"",""id"":""61d806622d474c02b312abe46cf80547"",""name"":""rthammineni.admin""}","{""id"":""3e3ee3f6f4ab44548a3498260f89b94e"",""type"":""SOURCE"",""name"":""AD Atlanta Lab""}","[{""id"":""006f1b61f1e24e8bb8d485ec3194ca9f"",""type"":""ENTITLEMENT"",""name"":""WindowsAdministration""}]",true,"{""commentsRequired"":false,""denialCommentsRequired"":false,""approvalSchemes"":[{""approverType"":""OWNER"",""approverId"":null}]}","{""approvalSchemes"":[]}",[],
f2c4de466e5944c59d3eab083b5bb175,Default Employees Access,Access for all employees,2023-07-17T22:02:25.272Z,2023-07-17T22:03:38.159Z,false,"{""type"":""IDENTITY"",""id"":""da3c58a7d0de4973a41da6392a63f179"",""name"":""mmadiraju.admin""}","{""id"":""386f7e49a9764eb79de8233656c1eec7"",""type"":""SOURCE"",""name"":""Active Directory""}","[{""id"":""02ab770b464646b9a8bd242f47fc92fa"",""type"":""ENTITLEMENT"",""name"":""All_Users""}]",true,"{""commentsRequired"":false,""denialCommentsRequired"":false,""approvalSchemes"":[]}","{""approvalSchemes"":[]}",[],
303dd89529ae4af6aa6cda1cae286066,AD Test NK Access Profile,Testing AD,2023-07-18T13:29:40.529Z,2024-02-11T06:44:24.22635Z,true,"{""type"":""IDENTITY"",""id"":""ce616d2459ea4390a04278e60d65e816"",""name"":""kandukurin.admin""}","{""id"":""4f3e46ada99d46e5871beb963d127b44"",""type"":""SOURCE"",""name"":""AD Test NK""}","[{""id"":""ea0e7fe532c4413e9923ad75e0a0d0a4"",""type"":""ENTITLEMENT"",""name"":""Domain Users""}]",true,"{""commentsRequired"":false,""denialCommentsRequired"":false,""approvalSchemes"":[]}","{""approvalSchemes"":[]}",6b3100f0-c4a9-46c2-8133-d3923d3cf85e,
78a01070f84445efbd95b7e19529a26c,TRV Accounting,Access profile for TRV_Accounting group,2023-07-18T23:26:50.923Z,2023-07-18T23:29:51.273Z,false,"{""type"":""IDENTITY"",""id"":""da3c58a7d0de4973a41da6392a63f179"",""name"":""mmadiraju.admin""}","{""id"":""386f7e49a9764eb79de8233656c1eec7"",""type"":""SOURCE"",""name"":""Active Directory""}","[{""id"":""02ab770b464646b9a8bd242f47fc92fa"",""type"":""ENTITLEMENT"",""name"":""All_Users""}]",true,"{""commentsRequired"":false,""denialCommentsRequired"":false,""approvalSchemes"":[]}","{""approvalSchemes"":[]}",[],
1e777829f80e45b4b8a68ebcb8c46a68,Test,,2023-07-19T19:55:43.351Z,2024-02-11T06:44:24.456244Z,false,"{""type"":""IDENTITY"",""id"":""da3c58a7d0de4973a41da6392a63f179"",""name"":""mmadiraju.admin""}","{""id"":""386f7e49a9764eb79de8233656c1eec7"",""type"":""SOURCE"",""name"":""Active Directory""}","[{""id"":""02ab770b464646b9a8bd242f47fc92fa"",""type"":""ENTITLEMENT"",""name"":""All_Users""},{""id"":""034384ceabe3431ea0ee82ada7440567"",""type"":""ENTITLEMENT"",""name"":""PayrollProjects""}]",true,"{""commentsRequired"":false,""denialCommentsRequired"":false,""approvalSchemes"":[]}","{""approvalSchemes"":[]}",6b3100f0-c4a9-46c2-8133-d3923d3cf85e,"{""operation"":""AND"",""attribute"":null,""value"":null,""children"":[{""operation"":""OR"",""attribute"":null,""value"":null,""children"":[{""operation"":""EQUALS"",""attribute"":""departmentNumber"",""value"":""100001"",""children"":null}]}]}"
03fb1830bfa048e79c52164c1698588b,TEST2507AP,,2023-07-25T09:32:38.31Z,2023-07-28T07:52:17.573Z,true,"{""type"":""IDENTITY"",""id"":""20badaf0836a4246b13abdba4639de60"",""name"":""swetagupta.admin""}","{""id"":""6e94edd99e4c4de4950ada7c8e82d16d"",""type"":""SOURCE"",""name"":""Finance""}","[{""id"":""953a4044376b40c3900671c26bbfd49a"",""type"":""ENTITLEMENT"",""name"":""ITAccount""}]",true,"{""commentsRequired"":true,""denialCommentsRequired"":false,""approvalSchemes"":[{""approverType"":""MANAGER"",""approverId"":null},{""approverType"":""OWNER"",""approverId"":null}]}","{""approvalSchemes"":[]}",[],
53c82876965247f99a49b9a22b5b55c9,ACCESSPROFILE-14,"While requesting access, please provide following details in comments box.
1. Start date
2. Reason for request",2023-08-03T10:04:08.529Z,2023-08-16T13:15:35.122Z,true,"{""type"":""IDENTITY"",""id"":""20badaf0836a4246b13abdba4639de60"",""name"":""swetagupta.admin""}","{""id"":""6e94edd99e4c4de4950ada7c8e82d16d"",""type"":""SOURCE"",""name"":""Finance""}","[{""id"":""448f45632b5a4c50bf675248194f7d43"",""type"":""ENTITLEMENT"",""name"":""Risk Analysis""}]",true,"{""commentsRequired"":true,""denialCommentsRequired"":false,""approvalSchemes"":[{""approverType"":""MANAGER"",""approverId"":null},{""approverType"":""OWNER"",""approverId"":null}]}","{""approvalSchemes"":[]}",[],
8fdcd831a7824b1ab8fc163223ad9676,Access Profile 15,"While requesting, please provide following information in comments box
1. Start Date
2. Reason for request",2023-08-16T13:24:17.41Z,2024-03-08T12:06:31.86756Z,true,"{""type"":""IDENTITY"",""id"":""666e921cfc224eedbd54e820c038a30c"",""name"":""ankitbhandari1.admin""}","{""id"":""6e94edd99e4c4de4950ada7c8e82d16d"",""type"":""SOURCE"",""name"":""Finance""}","[{""id"":""04bdacc66c2d4241aa341d2cb283c7fc"",""type"":""ENTITLEMENT"",""name"":""Transactiopn Reporting""}]",true,"{""commentsRequired"":false,""denialCommentsRequired"":false,""approvalSchemes"":[{""approverType"":""SOURCE_OWNER"",""approverId"":null}]}","{""approvalSchemes"":[]}",[],
5ddeffb33f87410d810ccbbfc9de1f72,Zurich - Analyst,,2023-09-06T15:49:52.407Z,2023-09-19T07:56:39.27568Z,true,"{""type"":""IDENTITY"",""id"":""a41bd34f5a4445239c2457de395855ed"",""name"":""ZR Approver A""}","{""id"":""1d3088516c4b4eecbee017f591a26318"",""type"":""SOURCE"",""name"":""Zurich - Engineering""}","[{""id"":""6866d5d7dc7e4a3581da8d21c3a3e025"",""type"":""ENTITLEMENT"",""name"":""Engineering - Read""},{""id"":""f9d844986dae48cf92130021d6d36cfa"",""type"":""ENTITLEMENT"",""name"":""Engineering - Write""}]",true,"{""commentsRequired"":false,""denialCommentsRequired"":false,""approvalSchemes"":[{""approverType"":""MANAGER"",""approverId"":null},{""approverType"":""OWNER"",""approverId"":null}]}","{""approvalSchemes"":[]}",[],
52e9ae1b71f843ddb906163355d02dbf,Zurich_Joiner_Access_Profile,,2023-09-06T16:25:53.086601Z,2023-09-06T16:27:15.139278Z,true,"{""type"":""IDENTITY"",""id"":""b2764aa119b2479ca10d0bc53e8b041d"",""name"":""mahakgarg.admin""}","{""id"":""8698362d51ff4f6da8a2f17d851c64dc"",""type"":""SOURCE"",""name"":""Zurich-Active Directory""}","[{""id"":""003f5f969dfa45b6af3b02b7cecc966d"",""type"":""ENTITLEMENT"",""name"":""Corporate-VPN""}]",true,"{""commentsRequired"":null,""denialCommentsRequired"":null,""approvalSchemes"":null}","{""approvalSchemes"":null}",[],
e26150ca4cff40fc8e630959a7191187,Zurich_Information_Technology_AP,Zurich_Information_Technology_AP,2023-09-06T16:33:05.031525Z,2023-09-06T16:33:52.507074Z,true,"{""type"":""IDENTITY"",""id"":""b2764aa119b2479ca10d0bc53e8b041d"",""name"":""mahakgarg.admin""}","{""id"":""8698362d51ff4f6da8a2f17d851c64dc"",""type"":""SOURCE"",""name"":""Zurich-Active Directory""}","[{""id"":""0e83e191acd3454dad643bc2cd3e5f57"",""type"":""ENTITLEMENT"",""name"":""Development""}]",true,"{""commentsRequired"":null,""denialCommentsRequired"":null,""approvalSchemes"":null}","{""approvalSchemes"":null}",[],
3afa0f36b3d341dd9ec3b002cb34c7da,Zurich_Finance_AP,Zurich_Finance_AP -Grants access to Tax Accounting module within general accounting application,2023-09-06T16:43:44.210395Z,2023-09-18T08:16:31.325814Z,true,"{""type"":""IDENTITY"",""id"":""b2764aa119b2479ca10d0bc53e8b041d"",""name"":""mahakgarg.admin""}","{""id"":""8698362d51ff4f6da8a2f17d851c64dc"",""type"":""SOURCE"",""name"":""Zurich-Active Directory""}","[{""id"":""35a9d11cdb114b70a44b0849d3e58f22"",""type"":""ENTITLEMENT"",""name"":""TaxAccounting""}]",true,"{""commentsRequired"":null,""denialCommentsRequired"":null,""approvalSchemes"":null}","{""approvalSchemes"":null}",[],
61da4da36f124343962cadfc9ab63594,Zurich - Developer,,2023-09-06T16:54:10.837Z,2023-09-19T08:05:04.210022Z,true,"{""type"":""IDENTITY"",""id"":""a41bd34f5a4445239c2457de395855ed"",""name"":""ZR Approver A""}","{""id"":""1d3088516c4b4eecbee017f591a26318"",""type"":""SOURCE"",""name"":""Zurich - Engineering""}","[{""id"":""6bd118241873463fad0f760f9aa1a713"",""type"":""ENTITLEMENT"",""name"":""Engineering - All""},{""id"":""ef281ce8ac4e429691bd79ca6333c599"",""type"":""ENTITLEMENT"",""name"":""Engineering - Execute""},{""id"":""6866d5d7dc7e4a3581da8d21c3a3e025"",""type"":""ENTITLEMENT"",""name"":""Engineering - Read""},{""id"":""f9d844986dae48cf92130021d6d36cfa"",""type"":""ENTITLEMENT"",""name"":""Engineering - Write""}]",true,"{""commentsRequired"":false,""denialCommentsRequired"":false,""approvalSchemes"":[{""approverType"":""MANAGER"",""approverId"":null},{""approverType"":""OWNER"",""approverId"":null}]}","{""approvalSchemes"":[]}",[],
f417a83ef3b44b6f993345c62b680657,Zurich - Application Support Engineer,,2023-09-06T16:55:40.156Z,2023-09-19T07:57:10.354853Z,true,"{""type"":""IDENTITY"",""id"":""d1bd0ab7b2f54d40b80973267e1fa263"",""name"":""ZR Approver B""}","{""id"":""fb6838997a204ce5b77b417fcdf05326"",""type"":""SOURCE"",""name"":""Zurich - Operations""}","[{""id"":""11992a506504409386621342dcfe42d3"",""type"":""ENTITLEMENT"",""name"":""Operations - Read""},{""id"":""30fbb7a1fe024ad485883192a8321e43"",""type"":""ENTITLEMENT"",""name"":""Operations - Write""}]",true,"{""commentsRequired"":false,""denialCommentsRequired"":false,""approvalSchemes"":[{""approverType"":""MANAGER"",""approverId"":null},{""approverType"":""OWNER"",""approverId"":null}]}","{""approvalSchemes"":[]}",[],
5a88fe83a6e34f6d91573b67752df6d8,Zurich - Level 1 Support,,2023-09-06T16:57:32.914Z,2023-09-19T08:06:36.427121Z,true,"{""type"":""IDENTITY"",""id"":""42090c61c65740b89cd83e9137d38cb1"",""name"":""ZR Approver C""}","{""id"":""fb6838997a204ce5b77b417fcdf05326"",""type"":""SOURCE"",""name"":""Zurich - Operations""}","[{""id"":""11992a506504409386621342dcfe42d3"",""type"":""ENTITLEMENT"",""name"":""Operations - Read""},{""id"":""9b383d4d02124177ac707254b10e08be"",""type"":""ENTITLEMENT"",""name"":""Operations - Execute""},{""id"":""30fbb7a1fe024ad485883192a8321e43"",""type"":""ENTITLEMENT"",""name"":""Operations - Write""}]",true,"{""commentsRequired"":false,""denialCommentsRequired"":false,""approvalSchemes"":[{""approverType"":""MANAGER"",""approverId"":null},{""approverType"":""OWNER"",""approverId"":null}]}","{""approvalSchemes"":[]}",[],
3f8da1ed5329477bbaddad5e78b789cf,Zurich - Level 2 Support,,2023-09-06T16:58:37.021Z,2023-09-19T08:07:02.378795Z,true,"{""type"":""IDENTITY"",""id"":""d1bd0ab7b2f54d40b80973267e1fa263"",""name"":""ZR Approver B""}","{""id"":""fb6838997a204ce5b77b417fcdf05326"",""type"":""SOURCE"",""name"":""Zurich - Operations""}","[{""id"":""9b383d4d02124177ac707254b10e08be"",""type"":""ENTITLEMENT"",""name"":""Operations - Execute""},{""id"":""11992a506504409386621342dcfe42d3"",""type"":""ENTITLEMENT"",""name"":""Operations - Read""},{""id"":""60bee7bc7649431d8c06ae956f33b60b"",""type"":""ENTITLEMENT"",""name"":""Operations - All""},{""id"":""30fbb7a1fe024ad485883192a8321e43"",""type"":""ENTITLEMENT"",""name"":""Operations - Write""}]",true,"{""commentsRequired"":false,""denialCommentsRequired"":false,""approvalSchemes"":[{""approverType"":""MANAGER"",""approverId"":null},{""approverType"":""OWNER"",""approverId"":null}]}","{""approvalSchemes"":[]}",[],
fd398ab0983d49308caab5864cb22e86,Zurich - Claims Analyst,,2023-09-06T17:01:16.169Z,2023-09-19T08:04:22.425967Z,true,"{""type"":""IDENTITY"",""id"":""a41bd34f5a4445239c2457de395855ed"",""name"":""ZR Approver A""}","{""id"":""d820c9ae390947fc8e1449334692b332"",""type"":""SOURCE"",""name"":""Zurich - Claims""}","[{""id"":""6ba9bdb2134c47f883662b9b73d92456"",""type"":""ENTITLEMENT"",""name"":""Claims - Write""},{""id"":""8a7254dfe4174e9ca906695912bb2df6"",""type"":""ENTITLEMENT"",""name"":""Claims - Read""},{""id"":""96df4c237cd84af19e86df0afe428897"",""type"":""ENTITLEMENT"",""name"":""Claims - Execute""}]",true,"{""commentsRequired"":false,""denialCommentsRequired"":false,""approvalSchemes"":[{""approverType"":""MANAGER"",""approverId"":null},{""approverType"":""OWNER"",""approverId"":null}]}","{""approvalSchemes"":[]}",[],
ddfa6b4353bf467ab55456e0fc5162e0,Zurich - Claims Adjuster,,2023-09-06T17:02:37.709Z,2023-09-19T07:58:14.492178Z,true,"{""type"":""IDENTITY"",""id"":""61923897b8944175af3179c1f79df82f"",""name"":""ZR Approver D""}","{""id"":""d820c9ae390947fc8e1449334692b332"",""type"":""SOURCE"",""name"":""Zurich - Claims""}","[{""id"":""4d7713945d17406f895456014606e44d"",""type"":""ENTITLEMENT"",""name"":""Claims - All""},{""id"":""6ba9bdb2134c47f883662b9b73d92456"",""type"":""ENTITLEMENT"",""name"":""Claims - Write""},{""id"":""8a7254dfe4174e9ca906695912bb2df6"",""type"":""ENTITLEMENT"",""name"":""Claims - Read""},{""id"":""96df4c237cd84af19e86df0afe428897"",""type"":""ENTITLEMENT"",""name"":""Claims - Execute""}]",true,"{""commentsRequired"":false,""denialCommentsRequired"":false,""approvalSchemes"":[{""approverType"":""MANAGER"",""approverId"":null},{""approverType"":""OWNER"",""approverId"":null}]}","{""approvalSchemes"":[]}",[],
bd39d97ffdc440998094e3a3bb14507d,Zurich - Claims Adjuster Trainee,,2023-09-06T17:03:54.034Z,2023-09-19T08:03:21.676174Z,true,"{""type"":""IDENTITY"",""id"":""61923897b8944175af3179c1f79df82f"",""name"":""ZR Approver D""}","{""id"":""d820c9ae390947fc8e1449334692b332"",""type"":""SOURCE"",""name"":""Zurich - Claims""}","[{""id"":""6ba9bdb2134c47f883662b9b73d92456"",""type"":""ENTITLEMENT"",""name"":""Claims - Write""},{""id"":""8a7254dfe4174e9ca906695912bb2df6"",""type"":""ENTITLEMENT"",""name"":""Claims - Read""}]",true,"{""commentsRequired"":false,""denialCommentsRequired"":false,""approvalSchemes"":[{""approverType"":""MANAGER"",""approverId"":null},{""approverType"":""OWNER"",""approverId"":null}]}","{""approvalSchemes"":[]}",[],
e760f6970a9844f0a81e2f9addd4efa9,Zurich Finance AP,,2023-09-07T09:34:58.974Z,2023-09-13T06:16:11.93536Z,true,"{""type"":""IDENTITY"",""id"":""6824580c02ef4b6c8d43fac4704e92bd"",""name"":""keethanmadalab.admin""}","{""id"":""44a598fdc9584cbfb2406978e9e35b24"",""type"":""SOURCE"",""name"":""Zurich Finance Source""}","[{""id"":""0aeb71a494be468987b1cb8b2ebf8153"",""type"":""ENTITLEMENT"",""name"":""Finance Viewer""},{""id"":""b8bbe2ebe215421ba2d12175cda74dce"",""type"":""ENTITLEMENT"",""name"":""Finance Editor""}]",true,"{""commentsRequired"":false,""denialCommentsRequired"":false,""approvalSchemes"":[{""approverType"":""MANAGER"",""approverId"":null},{""approverType"":""GOVERNANCE_GROUP"",""approverId"":""3957226d-7792-4cac-8f98-2033627057ed""}]}","{""approvalSchemes"":[]}",[],"{""operation"":""AND"",""attribute"":null,""value"":null,""children"":[{""operation"":""OR"",""attribute"":null,""value"":null,""children"":[{""operation"":""EQUALS"",""attribute"":""Job Unit"",""value"":""Finance"",""children"":null}]}]}"
add51b61737d4eeabb8ec53c917cd9bc,Zurich Audit AP,,2023-09-07T11:04:38.52Z,2023-09-13T06:16:11.942399Z,true,"{""type"":""IDENTITY"",""id"":""6824580c02ef4b6c8d43fac4704e92bd"",""name"":""keethanmadalab.admin""}","{""id"":""7954c515b9504970b4261dac8c114dee"",""type"":""SOURCE"",""name"":""Zurich Audit Source""}","[{""id"":""ade0da047a0843c48826b8d0b69f3ad4"",""type"":""ENTITLEMENT"",""name"":""Audit Viewer""},{""id"":""c3e666b6fce84937925f6fe3db1327ae"",""type"":""ENTITLEMENT"",""name"":""Audit Editor""}]",true,"{""commentsRequired"":false,""denialCommentsRequired"":false,""approvalSchemes"":[{""approverType"":""MANAGER"",""approverId"":null},{""approverType"":""GOVERNANCE_GROUP"",""approverId"":""3957226d-7792-4cac-8f98-2033627057ed""}]}","{""approvalSchemes"":[]}",[],
7307b12bc5b749caa4a1299243eff314,Zurich Audit App,,2023-09-07T11:12:50.969Z,2023-09-13T06:16:12.256897Z,true,"{""type"":""IDENTITY"",""id"":""6824580c02ef4b6c8d43fac4704e92bd"",""name"":""keethanmadalab.admin""}","{""id"":""44a598fdc9584cbfb2406978e9e35b24"",""type"":""SOURCE"",""name"":""Zurich Finance Source""}","[{""id"":""de809c621f8e4cdfb89e0629211a759f"",""type"":""ENTITLEMENT"",""name"":""Audit Editor""},{""id"":""8dfb9d586a6947a6be53f42e223151ec"",""type"":""ENTITLEMENT"",""name"":""Audit Viewer""}]",true,"{""commentsRequired"":false,""denialCommentsRequired"":false,""approvalSchemes"":[{""approverType"":""MANAGER"",""approverId"":null},{""approverType"":""GOVERNANCE_GROUP"",""approverId"":""3957226d-7792-4cac-8f98-2033627057ed""}]}","{""approvalSchemes"":[]}",[],"{""operation"":""AND"",""attribute"":null,""value"":null,""children"":[{""operation"":""OR"",""attribute"":null,""value"":null,""children"":[{""operation"":""EQUALS"",""attribute"":""Job Unit"",""value"":""Audit"",""children"":null}]}]}"
46c1e444c43d4270bbe312cc541ad329,Zurich-Basic Access,Zurich-Basic Access,2023-09-11T13:48:10.941Z,2023-09-11T13:54:53.717Z,true,"{""type"":""IDENTITY"",""id"":""2d18d9f3e34644fab8a845b34d0fdb05"",""name"":""sunilbalasahebd.admin""}","{""id"":""8698362d51ff4f6da8a2f17d851c64dc"",""type"":""SOURCE"",""name"":""Zurich-Active Directory""}","[{""id"":""5e1ac686d5a64b678c79387329927482"",""type"":""ENTITLEMENT"",""name"":""Zurich-Reconnect""},{""id"":""2fee42fcfefa4a208c0871983e9a9a16"",""type"":""ENTITLEMENT"",""name"":""Zurich-Network Access""},{""id"":""13fcd3208be94bb195a6226b62de5caf"",""type"":""ENTITLEMENT"",""name"":""Zurich-Medical Insurance""},{""id"":""1d658ecd9e19425bbdd78182351bf6ea"",""type"":""ENTITLEMENT"",""name"":""Zurich-Portal""},{""id"":""36812475c85c44439c8d78b2cd72e7a1"",""type"":""ENTITLEMENT"",""name"":""Zurich-Payroll""}]",true,"{""commentsRequired"":false,""denialCommentsRequired"":false,""approvalSchemes"":[]}","{""approvalSchemes"":[]}",[],
c2c7d39615264dc486c13bc574a20a85,Zurich - ITAdmin,Zurich - ITAdmin,2023-09-11T13:52:22.356Z,2023-09-11T13:54:53.767Z,true,"{""type"":""IDENTITY"",""id"":""2d18d9f3e34644fab8a845b34d0fdb05"",""name"":""sunilbalasahebd.admin""}","{""id"":""8698362d51ff4f6da8a2f17d851c64dc"",""type"":""SOURCE"",""name"":""Zurich-Active Directory""}","[{""id"":""c718fabe531849c48c2c5b63ffd6d7d6"",""type"":""ENTITLEMENT"",""name"":""Zurich-IT Admin""}]",true,"{""commentsRequired"":false,""denialCommentsRequired"":false,""approvalSchemes"":[]}","{""approvalSchemes"":[]}",[],
9d5b6363eabe4c8daef2ae1583a09fd1,ZR UK Viewer AP,This is access profile for birthright access to employees who belongs to UK BU.,2023-09-12T16:50:55.28Z,2023-09-18T08:06:18.718749Z,true,"{""type"":""IDENTITY"",""id"":""6824580c02ef4b6c8d43fac4704e92bd"",""name"":""keethanmadalab.admin""}","{""id"":""8082035235744dcb808616c3e64d543d"",""type"":""SOURCE"",""name"":""Zurich UK BU Source""}","[{""id"":""39507598bd4340fb99908c1205b58242"",""type"":""ENTITLEMENT"",""name"":""Viewer""}]",true,"{""commentsRequired"":false,""denialCommentsRequired"":false,""approvalSchemes"":[{""approverType"":""MANAGER"",""approverId"":null},{""approverType"":""GOVERNANCE_GROUP"",""approverId"":""3957226d-7792-4cac-8f98-2033627057ed""}]}","{""approvalSchemes"":[]}",ba8d5499-23e9-4ad4-8f9c-254c42996477,
9c48d46bdb6c4f7084ae158dd1777b81,ZR UK Editor AP,This access profile gives access to Zurich UK BU source.,2023-09-12T16:53:26.124Z,2023-09-18T08:11:33.32665Z,true,"{""type"":""IDENTITY"",""id"":""6824580c02ef4b6c8d43fac4704e92bd"",""name"":""keethanmadalab.admin""}","{""id"":""8082035235744dcb808616c3e64d543d"",""type"":""SOURCE"",""name"":""Zurich UK BU Source""}","[{""id"":""0b253d18bf00418abd391a982afb5a7b"",""type"":""ENTITLEMENT"",""name"":""Editor""}]",true,"{""commentsRequired"":false,""denialCommentsRequired"":false,""approvalSchemes"":[{""approverType"":""MANAGER"",""approverId"":null},{""approverType"":""GOVERNANCE_GROUP"",""approverId"":""3957226d-7792-4cac-8f98-2033627057ed""}]}","{""approvalSchemes"":[]}",ba8d5499-23e9-4ad4-8f9c-254c42996477,
95b97288b9ea45d984130a751652901b,Zurich - Engineering,,2023-09-13T05:17:39.585Z,2023-09-19T09:59:55.660122Z,true,"{""type"":""IDENTITY"",""id"":""ed411eaf1201458fa718b8f9cd331f2e"",""name"":""ZR Source Owner""}","{""id"":""cb5c58b0804a47cbaaeb995553e013f4"",""type"":""SOURCE"",""name"":""Zurich - Approvals""}","[{""id"":""7716abd012844798bd25e45414a339a3"",""type"":""ENTITLEMENT"",""name"":""Engineering""}]",true,"{""commentsRequired"":false,""denialCommentsRequired"":false,""approvalSchemes"":[{""approverType"":""MANAGER"",""approverId"":null},{""approverType"":""OWNER"",""approverId"":null}]}","{""approvalSchemes"":[]}",[],
4373e89e93b845d9afd24b113672854b,Zurich - Claims,,2023-09-13T05:22:33.865Z,2023-09-19T08:53:57.288649Z,true,"{""type"":""IDENTITY"",""id"":""ed411eaf1201458fa718b8f9cd331f2e"",""name"":""ZR Source Owner""}","{""id"":""cb5c58b0804a47cbaaeb995553e013f4"",""type"":""SOURCE"",""name"":""Zurich - Approvals""}","[{""id"":""38ec696f46bf488c9df6ac81e45e324e"",""type"":""ENTITLEMENT"",""name"":""Claims""}]",true,"{""commentsRequired"":false,""denialCommentsRequired"":false,""approvalSchemes"":[{""approverType"":""MANAGER"",""approverId"":null},{""approverType"":""OWNER"",""approverId"":null}]}","{""approvalSchemes"":[]}",[],
ee3733054e7347bfb664f48d418a375b,Zurich - Operations,,2023-09-13T05:23:10.63Z,2023-09-13T05:26:49.354784Z,true,"{""type"":""IDENTITY"",""id"":""881c5ff10af9459d8ceac4070bfb778f"",""name"":""jatinluthra.admin""}","{""id"":""cb5c58b0804a47cbaaeb995553e013f4"",""type"":""SOURCE"",""name"":""Zurich - Approvals""}","[{""id"":""4b2716a65cf14d4ab5f71818068ee8cf"",""type"":""ENTITLEMENT"",""name"":""Operations""}]",true,"{""commentsRequired"":false,""denialCommentsRequired"":false,""approvalSchemes"":[{""approverType"":""OWNER"",""approverId"":null}]}","{""approvalSchemes"":[]}",[],
d1459523c6f44c15ba01a377f4ed9d9a,ZR  UK Approver AP,This access profile gives access to Zurich UK BU source.,2023-09-13T06:08:58.131Z,2023-09-18T08:08:53.484553Z,true,"{""type"":""IDENTITY"",""id"":""6824580c02ef4b6c8d43fac4704e92bd"",""name"":""keethanmadalab.admin""}","{""id"":""8082035235744dcb808616c3e64d543d"",""type"":""SOURCE"",""name"":""Zurich UK BU Source""}","[{""id"":""565ea2c2403940a28ae39507a9d779df"",""type"":""ENTITLEMENT"",""name"":""Approver""}]",true,"{""commentsRequired"":false,""denialCommentsRequired"":false,""approvalSchemes"":[{""approverType"":""MANAGER"",""approverId"":null},{""approverType"":""GOVERNANCE_GROUP"",""approverId"":""3957226d-7792-4cac-8f98-2033627057ed""}]}","{""approvalSchemes"":[]}",ba8d5499-23e9-4ad4-8f9c-254c42996477,
01e880889b11421d8b8867718bc81148,ZR UK Payable AP,This access profile gives access to Zurich UK BU source.,2023-09-13T06:11:45.854Z,2023-09-18T08:08:13.282478Z,true,"{""type"":""IDENTITY"",""id"":""c9ca8ff25cef4312ac3131f913f8ebbf"",""name"":""jayanthhs.admin""}","{""id"":""8082035235744dcb808616c3e64d543d"",""type"":""SOURCE"",""name"":""Zurich UK BU Source""}","[{""id"":""2be11f6fdefb4c04aad5a1d41c27879c"",""type"":""ENTITLEMENT"",""name"":""Payable""}]",true,"{""commentsRequired"":false,""denialCommentsRequired"":false,""approvalSchemes"":[{""approverType"":""MANAGER"",""approverId"":null},{""approverType"":""GOVERNANCE_GROUP"",""approverId"":""3957226d-7792-4cac-8f98-2033627057ed""}]}","{""approvalSchemes"":[]}",ba8d5499-23e9-4ad4-8f9c-254c42996477,
8ccfa7a02c9b47dc85180b92102be2aa,Zurich Treasury - L1,,2023-09-14T14:44:38.56Z,2023-09-14T17:08:52.013Z,true,"{""type"":""IDENTITY"",""id"":""881c5ff10af9459d8ceac4070bfb778f"",""name"":""jatinluthra.admin""}","{""id"":""9b03db704a6147b98df76e19cb852f5d"",""type"":""SOURCE"",""name"":""Zurich - Treasury""}","[{""id"":""bd75d08654524772979cf5529a17858d"",""type"":""ENTITLEMENT"",""name"":""Treasury - Write""},{""id"":""da80d703543043519000bbe57ed0c9f6"",""type"":""ENTITLEMENT"",""name"":""Treasury - Read""}]",true,"{""commentsRequired"":false,""denialCommentsRequired"":false,""approvalSchemes"":[{""approverType"":""OWNER"",""approverId"":null}]}","{""approvalSchemes"":[]}",15e85837-fdf2-4201-a8b3-6083a7b2d4fb,
3fdd4a55e4a742dea6a37e430bafcfef,Zurich Treasury - L2,,2023-09-14T14:46:13.139Z,2023-09-14T17:08:52.013Z,true,"{""type"":""IDENTITY"",""id"":""881c5ff10af9459d8ceac4070bfb778f"",""name"":""jatinluthra.admin""}","{""id"":""9b03db704a6147b98df76e19cb852f5d"",""type"":""SOURCE"",""name"":""Zurich - Treasury""}","[{""id"":""bd75d08654524772979cf5529a17858d"",""type"":""ENTITLEMENT"",""name"":""Treasury - Write""},{""id"":""4935beba7d63469796e157f7590b9de2"",""type"":""ENTITLEMENT"",""name"":""Treasury - Execute""},{""id"":""da80d703543043519000bbe57ed0c9f6"",""type"":""ENTITLEMENT"",""name"":""Treasury - Read""}]",true,"{""commentsRequired"":false,""denialCommentsRequired"":false,""approvalSchemes"":[{""approverType"":""OWNER"",""approverId"":null}]}","{""approvalSchemes"":[]}",15e85837-fdf2-4201-a8b3-6083a7b2d4fb,
fcac742c8408495ca08b048b846344af,Zurich AD Access Req,This access profiles gives access to high privileges Entitlements.,2023-09-18T10:37:48.429855Z,2023-09-18T10:39:15.919453Z,true,"{""type"":""IDENTITY"",""id"":""ff0482504569402c9b6b2269e3441fa6"",""name"":""Cheru""}","{""id"":""8698362d51ff4f6da8a2f17d851c64dc"",""type"":""SOURCE"",""name"":""Zurich-Active Directory""}","[{""id"":""0d5cda3b0ada4a1a9e216aec4adc6789"",""type"":""ENTITLEMENT"",""name"":""customerDataCenter""},{""id"":""13bdec5af4d945f8a16349576dc9612d"",""type"":""ENTITLEMENT"",""name"":""HelpDesk""},{""id"":""14ca42bad2aa4502899eacf38d496e1f"",""type"":""ENTITLEMENT"",""name"":""CreateInvoices""},{""id"":""0ed7e807739c486cafdc846b7ccdcd14"",""type"":""ENTITLEMENT"",""name"":""AWS-983324074397-Benefit_Administration""}]",false,"{""commentsRequired"":false,""denialCommentsRequired"":false,""approvalSchemes"":[]}","{""approvalSchemes"":[]}",[],
a50d7566edea43a68c6cc14dc3c7e9c1,TestAccessProfile1,,2023-11-28T15:32:34.291583Z,2023-11-28T15:32:34.291583Z,false,"{""type"":""IDENTITY"",""id"":""d30f1381b17a4357bfc0e048aacd8098"",""name"":""dhamodharanm.admin""}","{""id"":""f78d4d9da9d84b989660cce74103e015"",""type"":""SOURCE"",""name"":""ADPoCApp1""}",[],true,,,[],
2dbf6a2b8c334264a80a5ac1b081b7e6,CertTest Access profile,Test access profile certifications testing,2023-12-13T23:12:25.46748Z,2024-02-11T06:44:24.250212Z,false,"{""type"":""IDENTITY"",""id"":""ee635ec6df9a4a76b731fa946950a1ec"",""name"":""shenbavellaiyan.admin""}","{""id"":""369d2c68f3fc41118b7a1901ce80310c"",""type"":""SOURCE"",""name"":""Employees-CertTest""}",[],true,"{""commentsRequired"":true,""denialCommentsRequired"":false,""approvalSchemes"":[{""approverType"":""SOURCE_OWNER"",""approverId"":null},{""approverType"":""GOVERNANCE_GROUP"",""approverId"":""93494c2a-85a1-4381-b200-7d28a8bef71e""}]}","{""approvalSchemes"":[]}",6b3100f0-c4a9-46c2-8133-d3923d3cf85e,
b6ae5363bca5433dba2bafb6d84aca89,test poc3 ap1,,2024-02-06T06:11:41.612789Z,2024-02-06T06:11:54.773609Z,false,"{""type"":""IDENTITY"",""id"":""d30f1381b17a4357bfc0e048aacd8098"",""name"":""dhamodharanm.admin""}","{""id"":""610eb44c884d4cf18cf62bdcac6d950e"",""type"":""SOURCE"",""name"":""testpoc3""}","[{""id"":""141330c03bc14bd7a03f6d867036fc4a"",""type"":""ENTITLEMENT"",""name"":""R02""}]",true,"{""commentsRequired"":null,""denialCommentsRequired"":null,""approvalSchemes"":null}","{""approvalSchemes"":null}",[],
50586440c2d44d16a68b009bdce2fec4,Test poc3 ap2,Test poc3 ap2,2024-02-06T06:16:23.465154Z,2024-02-06T06:16:23.465154Z,true,"{""type"":""IDENTITY"",""id"":""d30f1381b17a4357bfc0e048aacd8098"",""name"":""dhamodharanm.admin""}","{""id"":""610eb44c884d4cf18cf62bdcac6d950e"",""type"":""SOURCE"",""name"":""testpoc3""}","[{""id"":""141330c03bc14bd7a03f6d867036fc4a"",""type"":""ENTITLEMENT"",""name"":""R02""}]",true,,,[],
6433715a74454baeaa708de109ca4ac4,Test poc3 java,Test poc3 java,2024-02-06T10:20:48.800729Z,2024-02-06T10:20:48.800729Z,true,"{""type"":""IDENTITY"",""id"":""d30f1381b17a4357bfc0e048aacd8098"",""name"":""dhamodharanm.admin""}","{""id"":""610eb44c884d4cf18cf62bdcac6d950e"",""type"":""SOURCE"",""name"":""testpoc3""}","[{""id"":""141330c03bc14bd7a03f6d867036fc4a"",""type"":""ENTITLEMENT"",""name"":""R02""}]",true,,,[],
b1c8d9310f954887b33c09f975b8e356,Testaccessprofile,testing accessProfile,2024-02-06T10:22:04.866189Z,2024-02-06T10:22:04.866189Z,true,"{""type"":""IDENTITY"",""id"":""d30f1381b17a4357bfc0e048aacd8098"",""name"":""dhamodharanm.admin""}","{""id"":""610eb44c884d4cf18cf62bdcac6d950e"",""type"":""SOURCE"",""name"":""testpoc3""}","[{""id"":""141330c03bc14bd7a03f6d867036fc4a"",""type"":""ENTITLEMENT"",""name"":""R02""}]",true,,,[],
6e5475ab30cf491e9b61b1976824bd35,Testaccessprofile123,testing accessProfile,2024-02-06T10:24:51.536333Z,2024-02-06T10:24:51.536333Z,true,"{""type"":""IDENTITY"",""id"":""d30f1381b17a4357bfc0e048aacd8098"",""name"":""dhamodharanm.admin""}","{""id"":""610eb44c884d4cf18cf62bdcac6d950e"",""type"":""SOURCE"",""name"":""testpoc3""}","[{""id"":""caa9dede1b8a40cfa5e511b4db6806ee"",""type"":""ENTITLEMENT"",""name"":""L02""}]",true,,,[],
fb3e21449d8c40ba89fb3a1dad2a533d,Testaccessprofile125,testing accessProfile,2024-02-06T15:01:12.453718Z,2024-02-06T15:01:12.453718Z,true,"{""type"":""IDENTITY"",""id"":""d30f1381b17a4357bfc0e048aacd8098"",""name"":""dhamodharanm.admin""}","{""id"":""610eb44c884d4cf18cf62bdcac6d950e"",""type"":""SOURCE"",""name"":""testpoc3""}","[{""id"":""caa9dede1b8a40cfa5e511b4db6806ee"",""type"":""ENTITLEMENT"",""name"":""L02""}]",true,,,[],
fbdb0d315e004d57b30461903bc654fc,Access Profile Test1,,2024-02-06T19:00:46.880858Z,2024-02-06T19:04:33.328413Z,false,"{""type"":""IDENTITY"",""id"":""3ab29f65c7754e52ab9b59ea80ba20ab"",""name"":""sannamneni.admin""}","{""id"":""6e94edd99e4c4de4950ada7c8e82d16d"",""type"":""SOURCE"",""name"":""Finance""}","[{""id"":""258d53084ca04abc940bf0ff49af200f"",""type"":""ENTITLEMENT"",""name"":""Account Payable""},{""id"":""3de19e5a7ba34033867b3f8be75ffe9a"",""type"":""ENTITLEMENT"",""name"":""VendorCreation""}]",true,"{""commentsRequired"":false,""denialCommentsRequired"":true,""approvalSchemes"":[{""approverType"":""GOVERNANCE_GROUP"",""approverId"":""f661c06d-5225-4881-8470-1242acb2c042""},{""approverType"":""OWNER"",""approverId"":null}]}","{""approvalSchemes"":[]}",[],
0a43c7d38b2b4a64b9e029508f6fd57a,Testaccessprofile1111,testing accessProfile,2024-02-08T15:21:52.333873Z,2024-02-08T15:21:52.333873Z,true,"{""type"":""IDENTITY"",""id"":""d30f1381b17a4357bfc0e048aacd8098"",""name"":""dhamodharanm.admin""}","{""id"":""610eb44c884d4cf18cf62bdcac6d950e"",""type"":""SOURCE"",""name"":""testpoc3""}","[{""id"":""caa9dede1b8a40cfa5e511b4db6806ee"",""type"":""ENTITLEMENT"",""name"":""L02""}]",true,,,[],
ab448be5c6e44405b21566082ace26a0,Testaccessprofile1121,testing accessProfile,2024-02-08T15:27:55.151813Z,2024-02-08T15:27:55.151813Z,true,"{""type"":""IDENTITY"",""id"":""d30f1381b17a4357bfc0e048aacd8098"",""name"":""dhamodharanm.admin""}","{""id"":""610eb44c884d4cf18cf62bdcac6d950e"",""type"":""SOURCE"",""name"":""testpoc3""}","[{""id"":""caa9dede1b8a40cfa5e511b4db6806ee"",""type"":""ENTITLEMENT"",""name"":""L02""}]",true,,,[],
835f5a2e0f814c7cab623de5c489414b,Testaccessprofile1131,testing accessProfile,2024-02-08T15:35:07.523668Z,2024-02-08T15:35:07.523668Z,true,"{""type"":""IDENTITY"",""id"":""d30f1381b17a4357bfc0e048aacd8098"",""name"":""dhamodharanm.admin""}","{""id"":""610eb44c884d4cf18cf62bdcac6d950e"",""type"":""SOURCE"",""name"":""testpoc3""}","[{""id"":""caa9dede1b8a40cfa5e511b4db6806ee"",""type"":""ENTITLEMENT"",""name"":""L02""}]",true,,,[],
d776a1080c4d4fed947ec95c8e779fab,javaaccessprofile,testing accessProfile,2024-02-08T15:57:36.015694Z,2024-02-08T15:57:36.015694Z,true,"{""type"":""IDENTITY"",""id"":""d30f1381b17a4357bfc0e048aacd8098"",""name"":""dhamodharanm.admin""}","{""id"":""610eb44c884d4cf18cf62bdcac6d950e"",""type"":""SOURCE"",""name"":""testpoc3""}","[{""id"":""caa9dede1b8a40cfa5e511b4db6806ee"",""type"":""ENTITLEMENT"",""name"":""L02""}]",true,,,[],
c9855e999d3a4aafaaf5390c40cd375c,javaaccessprofile1,testing accessProfile,2024-02-08T16:05:52.500918Z,2024-02-08T16:05:52.500918Z,true,"{""type"":""IDENTITY"",""id"":""d30f1381b17a4357bfc0e048aacd8098"",""name"":""dhamodharanm.admin""}","{""id"":""610eb44c884d4cf18cf62bdcac6d950e"",""type"":""SOURCE"",""name"":""testpoc3""}","[{""id"":""caa9dede1b8a40cfa5e511b4db6806ee"",""type"":""ENTITLEMENT"",""name"":""L02""}]",true,,,[],
6c244c012295410a92daf9aceb99127d,javaaccessprofile2,testing accessProfile,2024-02-08T16:09:41.124488Z,2024-02-08T16:09:41.124488Z,true,"{""type"":""IDENTITY"",""id"":""d30f1381b17a4357bfc0e048aacd8098"",""name"":""dhamodharanm.admin""}","{""id"":""610eb44c884d4cf18cf62bdcac6d950e"",""type"":""SOURCE"",""name"":""testpoc3""}","[{""id"":""caa9dede1b8a40cfa5e511b4db6806ee"",""type"":""ENTITLEMENT"",""name"":""L02""}]",true,,,[],
79e6292c40e14a518a468c57a910371c,javaaccessprofile3,testing accessProfile,2024-02-08T16:14:23.77926Z,2024-02-08T16:14:23.77926Z,true,"{""type"":""IDENTITY"",""id"":""d30f1381b17a4357bfc0e048aacd8098"",""name"":""dhamodharanm.admin""}","{""id"":""610eb44c884d4cf18cf62bdcac6d950e"",""type"":""SOURCE"",""name"":""testpoc3""}","[{""id"":""caa9dede1b8a40cfa5e511b4db6806ee"",""type"":""ENTITLEMENT"",""name"":""L02""}]",true,,,[],
4f099ff6903c49c9baeeb3e762e853ba,javaaccessprofile4,testing accessProfile,2024-02-08T16:17:51.545218Z,2024-02-08T16:17:51.545218Z,true,"{""type"":""IDENTITY"",""id"":""d30f1381b17a4357bfc0e048aacd8098"",""name"":""dhamodharanm.admin""}","{""id"":""610eb44c884d4cf18cf62bdcac6d950e"",""type"":""SOURCE"",""name"":""testpoc3""}","[{""id"":""caa9dede1b8a40cfa5e511b4db6806ee"",""type"":""ENTITLEMENT"",""name"":""L02""}]",true,,,[],
c46e4738bee148c889e04e3b587d94ac,javaaccessprofile5,testing accessProfile,2024-02-08T16:20:43.960274Z,2024-02-08T16:20:43.960274Z,true,"{""type"":""IDENTITY"",""id"":""d30f1381b17a4357bfc0e048aacd8098"",""name"":""dhamodharanm.admin""}","{""id"":""610eb44c884d4cf18cf62bdcac6d950e"",""type"":""SOURCE"",""name"":""testpoc3""}","[{""id"":""caa9dede1b8a40cfa5e511b4db6806ee"",""type"":""ENTITLEMENT"",""name"":""L02""}]",true,,,[],
d67a3fe9e96a4ec99c61363158cf072b,javaaccessprofile6,testing accessProfile,2024-02-08T17:42:22.798984Z,2024-02-08T17:42:22.798984Z,true,"{""type"":""IDENTITY"",""id"":""d30f1381b17a4357bfc0e048aacd8098"",""name"":""dhamodharanm.admin""}","{""id"":""610eb44c884d4cf18cf62bdcac6d950e"",""type"":""SOURCE"",""name"":""testpoc3""}","[{""id"":""caa9dede1b8a40cfa5e511b4db6806ee"",""type"":""ENTITLEMENT"",""name"":""L02""}]",true,,,[],
9eb64259515c4b98814ba81f601fa76e,javaaccessprofile55,testing accessProfile,2024-02-08T17:43:31.638395Z,2024-02-08T17:43:31.638395Z,true,"{""type"":""IDENTITY"",""id"":""d30f1381b17a4357bfc0e048aacd8098"",""name"":""dhamodharanm.admin""}","{""id"":""610eb44c884d4cf18cf62bdcac6d950e"",""type"":""SOURCE"",""name"":""testpoc3""}","[{""id"":""caa9dede1b8a40cfa5e511b4db6806ee"",""type"":""ENTITLEMENT"",""name"":""L02""}]",true,,,[],
dc0bb0e7ca834d9dbc2a8334c235d0f6,javaaccessprofile56,testing accessProfile,2024-02-09T06:15:19.864416Z,2024-02-09T06:15:19.864416Z,true,"{""type"":""IDENTITY"",""id"":""d30f1381b17a4357bfc0e048aacd8098"",""name"":""dhamodharanm.admin""}","{""id"":""610eb44c884d4cf18cf62bdcac6d950e"",""type"":""SOURCE"",""name"":""testpoc3""}","[{""id"":""caa9dede1b8a40cfa5e511b4db6806ee"",""type"":""ENTITLEMENT"",""name"":""L02""}]",true,,,[],
df7837e9ed5049f19daa1b3842ef04f6,javaaccessprofile565,testing accessProfile,2024-02-12T14:51:51.717956Z,2024-02-12T14:51:51.717956Z,true,"{""type"":""IDENTITY"",""id"":""d30f1381b17a4357bfc0e048aacd8098"",""name"":""dhamodharanm.admin""}","{""id"":""610eb44c884d4cf18cf62bdcac6d950e"",""type"":""SOURCE"",""name"":""testpoc3""}","[{""id"":""caa9dede1b8a40cfa5e511b4db6806ee"",""type"":""ENTITLEMENT"",""name"":""L02""},{""id"":""ee1771ad841e46ca910d7d66e913c27c"",""type"":""ENTITLEMENT"",""name"":""R01""}]",true,,,[],
41da24a0a11e4e709583f0b9cd2bbef4,javaaccessprofile567,testing accessProfile,2024-02-13T05:39:23.442391Z,2024-02-13T05:39:23.442391Z,true,"{""type"":""IDENTITY"",""id"":""d30f1381b17a4357bfc0e048aacd8098"",""name"":""dhamodharanm.admin""}","{""id"":""610eb44c884d4cf18cf62bdcac6d950e"",""type"":""SOURCE"",""name"":""testpoc3""}","[{""id"":""caa9dede1b8a40cfa5e511b4db6806ee"",""type"":""ENTITLEMENT"",""name"":""L02""},{""id"":""ee1771ad841e46ca910d7d66e913c27c"",""type"":""ENTITLEMENT"",""name"":""R01""}]",true,,,[],
b60c88bb5d644906893c53fe628eceb9,javaaccessprofile5672,testing accessProfile,2024-02-14T03:24:58.158524Z,2024-02-14T03:24:58.158524Z,true,"{""type"":""IDENTITY"",""id"":""d30f1381b17a4357bfc0e048aacd8098"",""name"":""dhamodharanm.admin""}","{""id"":""610eb44c884d4cf18cf62bdcac6d950e"",""type"":""SOURCE"",""name"":""testpoc3""}","[{""id"":""caa9dede1b8a40cfa5e511b4db6806ee"",""type"":""ENTITLEMENT"",""name"":""L02""},{""id"":""ee1771ad841e46ca910d7d66e913c27c"",""type"":""ENTITLEMENT"",""name"":""R01""}]",true,,,[],
df567df7acba42de9259a2f3e74d0329,javaaccessprofile5673,testing accessProfile,2024-02-14T04:57:12.531923Z,2024-02-14T04:57:12.531923Z,true,"{""type"":""IDENTITY"",""id"":""d30f1381b17a4357bfc0e048aacd8098"",""name"":""dhamodharanm.admin""}","{""id"":""610eb44c884d4cf18cf62bdcac6d950e"",""type"":""SOURCE"",""name"":""testpoc3""}","[{""id"":""caa9dede1b8a40cfa5e511b4db6806ee"",""type"":""ENTITLEMENT"",""name"":""L02""},{""id"":""ee1771ad841e46ca910d7d66e913c27c"",""type"":""ENTITLEMENT"",""name"":""R01""}]",true,,,[],
7a62b40862d34eeb99e86fd72b25bb8b,javaaccessprofile5674,testing accessProfile,2024-02-14T12:41:08.248558Z,2024-02-14T12:41:08.248558Z,true,"{""type"":""IDENTITY"",""id"":""d30f1381b17a4357bfc0e048aacd8098"",""name"":""dhamodharanm.admin""}","{""id"":""610eb44c884d4cf18cf62bdcac6d950e"",""type"":""SOURCE"",""name"":""testpoc3""}","[{""id"":""caa9dede1b8a40cfa5e511b4db6806ee"",""type"":""ENTITLEMENT"",""name"":""L02""},{""id"":""ee1771ad841e46ca910d7d66e913c27c"",""type"":""ENTITLEMENT"",""name"":""R01""}]",true,,,[],
b5273e4fe5a74479986aaf512daa3930,AP System - IEC,Accounts Payable system data entry,2024-02-18T14:11:55.814996Z,2024-02-18T14:18:27.402623Z,true,"{""type"":""IDENTITY"",""id"":""61d806622d474c02b312abe46cf80547"",""name"":""rthammineni.admin""}","{""id"":""c373c08eb16e43caac2d564ecb6a6e3c"",""type"":""SOURCE"",""name"":""Finance - IEC""}","[{""id"":""4b43c5e8eb9f486faad6959ed2098118"",""type"":""ENTITLEMENT"",""name"":""TRA1""},{""id"":""47105e6edf344a04b8002749f70494df"",""type"":""ENTITLEMENT"",""name"":""AP""}]",true,"{""commentsRequired"":null,""denialCommentsRequired"":null,""approvalSchemes"":[]}","{""approvalSchemes"":[]}",[],
5fe81947eb2245a7b1f520799229a205,AD Employee Access - IEC,,2024-02-21T03:27:11.916692Z,2024-02-21T03:27:57.517051Z,true,"{""type"":""IDENTITY"",""id"":""70f640efa1c540be99cf679a019a90fe"",""name"":""Aaron.Nichols1""}","{""id"":""3e3ee3f6f4ab44548a3498260f89b94e"",""type"":""SOURCE"",""name"":""AD Atlanta Lab""}","[{""id"":""5976ce650c7049d8b9227ab82dab8897"",""type"":""ENTITLEMENT"",""name"":""Test-IDN-Group1""}]",true,"{""commentsRequired"":null,""denialCommentsRequired"":null,""approvalSchemes"":null}","{""approvalSchemes"":null}",[],
4f6e6c0f796a4eac833e613fa158b1cb,IT Support - IEC,,2024-02-24T17:57:24.610772Z,2024-02-24T18:04:57.654961Z,true,"{""type"":""IDENTITY"",""id"":""602bdadf74ea4139a46cc2c31dffebcf"",""name"":""Aaron.Nichols""}","{""id"":""386f7e49a9764eb79de8233656c1eec7"",""type"":""SOURCE"",""name"":""Active Directory""}","[{""id"":""0d5a907e4e674a29bf5f09073bbd8e14"",""type"":""ENTITLEMENT"",""name"":""SupplyChain""}]",true,"{""commentsRequired"":null,""denialCommentsRequired"":null,""approvalSchemes"":null}","{""approvalSchemes"":null}",[],
e1c678e7a3274cc68ffd510ed995549c,Treasury Analyst - IEC,Data entry and analysis - Treasury,2024-02-24T22:13:56.095951Z,2024-02-24T22:14:57.656961Z,true,"{""type"":""IDENTITY"",""id"":""af14c71f8cd44febb3c239baaa3ffd02"",""name"":""Catherine.Simmons1""}","{""id"":""c373c08eb16e43caac2d564ecb6a6e3c"",""type"":""SOURCE"",""name"":""Finance - IEC""}","[{""id"":""6c82084b4ffe459f99cc7c7a4ede0495"",""type"":""ENTITLEMENT"",""name"":""Data Integration""}]",true,"{""commentsRequired"":null,""denialCommentsRequired"":null,""approvalSchemes"":null}","{""approvalSchemes"":null}",[],
81b0dc86669e49e68b269121df15b240,Treasury Reporting 2 - IEC,,2024-02-24T22:20:11.987Z,2024-02-26T11:24:16.686Z,true,"{""type"":""IDENTITY"",""id"":""77e8e769c73b449b934f54e5f8552d9e"",""name"":""Jane.Paul""}","{""id"":""c373c08eb16e43caac2d564ecb6a6e3c"",""type"":""SOURCE"",""name"":""Finance - IEC""}","[{""id"":""8349c1aa33554b37ba8c0a9f934cc6cf"",""type"":""ENTITLEMENT"",""name"":""TR2""}]",true,"{""commentsRequired"":true,""denialCommentsRequired"":true,""approvalSchemes"":[{""approverType"":""GOVERNANCE_GROUP"",""approverId"":""465bee73-8d10-462a-8a06-c61a6d12bb0f""}]}","{""approvalSchemes"":[]}",[],
c004506459124156b194d32e7d7b5393,T&E Approver - IEC,,2024-02-24T22:23:10.092Z,2024-02-26T11:25:31.936Z,true,"{""type"":""IDENTITY"",""id"":""70f640efa1c540be99cf679a019a90fe"",""name"":""Aaron.Nichols1""}","{""id"":""3e3ee3f6f4ab44548a3498260f89b94e"",""type"":""SOURCE"",""name"":""AD Atlanta Lab""}","[{""id"":""142e3317f2e04a9d8fe6607f4aaaf6ea"",""type"":""ENTITLEMENT"",""name"":""Test-IDN-Group4""}]",true,"{""commentsRequired"":false,""denialCommentsRequired"":false,""approvalSchemes"":[]}","{""approvalSchemes"":[]}",[],
25d58053e85d4aa89abc3b3eb556618b,javaaccessprofile5611,testing accessProfile,2024-03-04T17:51:16.615204Z,2024-03-04T17:51:16.615204Z,true,"{""type"":""IDENTITY"",""id"":""d30f1381b17a4357bfc0e048aacd8098"",""name"":""dhamodharanm.admin""}","{""id"":""610eb44c884d4cf18cf62bdcac6d950e"",""type"":""SOURCE"",""name"":""testpoc3""}","[{""id"":""caa9dede1b8a40cfa5e511b4db6806ee"",""type"":""ENTITLEMENT"",""name"":""L02""},{""id"":""ee1771ad841e46ca910d7d66e913c27c"",""type"":""ENTITLEMENT"",""name"":""R01""}]",true,,,[],
43d3d177d56e44e2a5c434d1e9ae0fff,javaaccessprofile561122,testing accessProfile,2024-03-04T17:51:47.42145Z,2024-03-04T17:51:47.42145Z,true,"{""type"":""IDENTITY"",""id"":""d30f1381b17a4357bfc0e048aacd8098"",""name"":""dhamodharanm.admin""}","{""id"":""610eb44c884d4cf18cf62bdcac6d950e"",""type"":""SOURCE"",""name"":""testpoc3""}","[{""id"":""caa9dede1b8a40cfa5e511b4db6806ee"",""type"":""ENTITLEMENT"",""name"":""L02""},{""id"":""ee1771ad841e46ca910d7d66e913c27c"",""type"":""ENTITLEMENT"",""name"":""R01""}]",true,,,[],
64098481e6d34198bb43a8786a8c1e6b,newaccessprofileforDemo,testing accessProfile,2024-03-04T17:52:48.627571Z,2024-03-04T17:52:48.627571Z,true,"{""type"":""IDENTITY"",""id"":""d30f1381b17a4357bfc0e048aacd8098"",""name"":""dhamodharanm.admin""}","{""id"":""610eb44c884d4cf18cf62bdcac6d950e"",""type"":""SOURCE"",""name"":""testpoc3""}","[{""id"":""caa9dede1b8a40cfa5e511b4db6806ee"",""type"":""ENTITLEMENT"",""name"":""L02""},{""id"":""ee1771ad841e46ca910d7d66e913c27c"",""type"":""ENTITLEMENT"",""name"":""R01""}]",true,,,[],
3400c40233344689a67d05540f4d68fd,newaccessprofileforDemo12,testing accessProfile,2024-03-05T06:50:48.66024Z,2024-03-05T06:50:48.66024Z,true,"{""type"":""IDENTITY"",""id"":""d30f1381b17a4357bfc0e048aacd8098"",""name"":""dhamodharanm.admin""}","{""id"":""610eb44c884d4cf18cf62bdcac6d950e"",""type"":""SOURCE"",""name"":""testpoc3""}","[{""id"":""caa9dede1b8a40cfa5e511b4db6806ee"",""type"":""ENTITLEMENT"",""name"":""L02""},{""id"":""ee1771ad841e46ca910d7d66e913c27c"",""type"":""ENTITLEMENT"",""name"":""R01""}]",true,,,[],
8b0865db5b87443e8e1b5acf85c3f6db,newaccessprofileforDemo13,testing accessProfile,2024-03-05T07:38:07.704613Z,2024-03-05T07:38:07.704613Z,true,"{""type"":""IDENTITY"",""id"":""d30f1381b17a4357bfc0e048aacd8098"",""name"":""dhamodharanm.admin""}","{""id"":""610eb44c884d4cf18cf62bdcac6d950e"",""type"":""SOURCE"",""name"":""testpoc3""}","[{""id"":""caa9dede1b8a40cfa5e511b4db6806ee"",""type"":""ENTITLEMENT"",""name"":""L02""},{""id"":""ee1771ad841e46ca910d7d66e913c27c"",""type"":""ENTITLEMENT"",""name"":""R01""}]",true,,,[],
9206dcc18771460dabd9a91bb8a6d0ce,newaccessprofileforDemo14,testing accessProfile,2024-03-05T07:49:01.856684Z,2024-03-05T07:49:01.856684Z,true,"{""type"":""IDENTITY"",""id"":""d30f1381b17a4357bfc0e048aacd8098"",""name"":""dhamodharanm.admin""}","{""id"":""610eb44c884d4cf18cf62bdcac6d950e"",""type"":""SOURCE"",""name"":""testpoc3""}","[{""id"":""caa9dede1b8a40cfa5e511b4db6806ee"",""type"":""ENTITLEMENT"",""name"":""L02""},{""id"":""ee1771ad841e46ca910d7d66e913c27c"",""type"":""ENTITLEMENT"",""name"":""R01""}]",true,,,[],
064b6099284d49059c9d2c2489821c0b,newaccessprofileforDemo15,testing accessProfile,2024-03-05T08:58:07.799904Z,2024-03-05T08:58:07.799904Z,true,"{""type"":""IDENTITY"",""id"":""d30f1381b17a4357bfc0e048aacd8098"",""name"":""dhamodharanm.admin""}","{""id"":""610eb44c884d4cf18cf62bdcac6d950e"",""type"":""SOURCE"",""name"":""testpoc3""}","[{""id"":""caa9dede1b8a40cfa5e511b4db6806ee"",""type"":""ENTITLEMENT"",""name"":""L02""},{""id"":""ee1771ad841e46ca910d7d66e913c27c"",""type"":""ENTITLEMENT"",""name"":""R01""}]",true,,,[],
d1bdc106627d4d52b7faa6be9b72e1b0,newaccessprofileforDemo16,testing accessProfile,2024-03-05T09:02:44.043464Z,2024-03-05T09:02:44.043464Z,true,"{""type"":""IDENTITY"",""id"":""d30f1381b17a4357bfc0e048aacd8098"",""name"":""dhamodharanm.admin""}","{""id"":""610eb44c884d4cf18cf62bdcac6d950e"",""type"":""SOURCE"",""name"":""testpoc3""}","[{""id"":""caa9dede1b8a40cfa5e511b4db6806ee"",""type"":""ENTITLEMENT"",""name"":""L02""},{""id"":""ee1771ad841e46ca910d7d66e913c27c"",""type"":""ENTITLEMENT"",""name"":""R01""}]",true,,,[],
da2832afea0643e99c15f3fded83b2cd,newaccessprofileforDemocom1,testing accessProfile,2024-03-06T16:06:05.968648Z,2024-03-06T16:06:05.968648Z,true,"{""type"":""IDENTITY"",""id"":""d30f1381b17a4357bfc0e048aacd8098"",""name"":""dhamodharanm.admin""}","{""id"":""610eb44c884d4cf18cf62bdcac6d950e"",""type"":""SOURCE"",""name"":""testpoc3""}","[{""id"":""caa9dede1b8a40cfa5e511b4db6806ee"",""type"":""ENTITLEMENT"",""name"":""L02""},{""id"":""ee1771ad841e46ca910d7d66e913c27c"",""type"":""ENTITLEMENT"",""name"":""R01""}]",true,,,[],
b0026e6a825744fea3b06405bb96cee2,newaccessprofileforDemocom2,testing accessProfile,2024-03-07T06:05:30.352657Z,2024-03-07T06:05:30.352657Z,true,"{""type"":""IDENTITY"",""id"":""d30f1381b17a4357bfc0e048aacd8098"",""name"":""dhamodharanm.admin""}","{""id"":""610eb44c884d4cf18cf62bdcac6d950e"",""type"":""SOURCE"",""name"":""testpoc3""}","[{""id"":""caa9dede1b8a40cfa5e511b4db6806ee"",""type"":""ENTITLEMENT"",""name"":""L02""},{""id"":""ee1771ad841e46ca910d7d66e913c27c"",""type"":""ENTITLEMENT"",""name"":""R01""}]",true,,,[],
93610a815c914ee28bb324794faf36f7,newaccessprofileforDemocom2123,testing accessProfile,2024-03-07T15:08:33.268133Z,2024-03-07T15:08:33.268133Z,true,"{""type"":""IDENTITY"",""id"":""d30f1381b17a4357bfc0e048aacd8098"",""name"":""dhamodharanm.admin""}","{""id"":""610eb44c884d4cf18cf62bdcac6d950e"",""type"":""SOURCE"",""name"":""testpoc3""}","[{""id"":""caa9dede1b8a40cfa5e511b4db6806ee"",""type"":""ENTITLEMENT"",""name"":""L02""},{""id"":""ee1771ad841e46ca910d7d66e913c27c"",""type"":""ENTITLEMENT"",""name"":""R01""}]",true,,,[],
0233cdef68624e4bb941d2415a255421,accessprofile_1001,testing accessProfile,2024-03-08T19:25:51.125744Z,2024-03-08T19:25:51.125744Z,true,"{""type"":""IDENTITY"",""id"":""d30f1381b17a4357bfc0e048aacd8098"",""name"":""dhamodharanm.admin""}","{""id"":""610eb44c884d4cf18cf62bdcac6d950e"",""type"":""SOURCE"",""name"":""testpoc3""}","[{""id"":""caa9dede1b8a40cfa5e511b4db6806ee"",""type"":""ENTITLEMENT"",""name"":""L02""},{""id"":""ee1771ad841e46ca910d7d66e913c27c"",""type"":""ENTITLEMENT"",""name"":""R01""}]",true,,,[],
1e87ed4f771942878f09e2b96cba9981,accessprofile_1002,testing accessProfile,2024-03-08T19:25:52.183805Z,2024-03-08T19:25:52.183805Z,true,"{""type"":""IDENTITY"",""id"":""d30f1381b17a4357bfc0e048aacd8098"",""name"":""dhamodharanm.admin""}","{""id"":""610eb44c884d4cf18cf62bdcac6d950e"",""type"":""SOURCE"",""name"":""testpoc3""}","[{""id"":""caa9dede1b8a40cfa5e511b4db6806ee"",""type"":""ENTITLEMENT"",""name"":""L02""},{""id"":""ee1771ad841e46ca910d7d66e913c27c"",""type"":""ENTITLEMENT"",""name"":""R01""}]",true,,,[],
73e87e5b42224d3183c81398abaffb0d,accessprofile_1003,testing accessProfile,2024-03-08T19:25:53.061203Z,2024-03-08T19:25:53.061203Z,true,"{""type"":""IDENTITY"",""id"":""d30f1381b17a4357bfc0e048aacd8098"",""name"":""dhamodharanm.admin""}","{""id"":""610eb44c884d4cf18cf62bdcac6d950e"",""type"":""SOURCE"",""name"":""testpoc3""}","[{""id"":""caa9dede1b8a40cfa5e511b4db6806ee"",""type"":""ENTITLEMENT"",""name"":""L02""},{""id"":""ee1771ad841e46ca910d7d66e913c27c"",""type"":""ENTITLEMENT"",""name"":""R01""}]",true,,,[],
c13e8e64869f4a3fba94f61d4796c7ba,accessprofile_1005,testing accessProfile,2024-03-11T12:58:04.484566Z,2024-03-11T12:58:04.484566Z,true,"{""type"":""IDENTITY"",""id"":""d30f1381b17a4357bfc0e048aacd8098"",""name"":""dhamodharanm.admin""}","{""id"":""610eb44c884d4cf18cf62bdcac6d950e"",""type"":""SOURCE"",""name"":""testpoc3""}","[{""id"":""caa9dede1b8a40cfa5e511b4db6806ee"",""type"":""ENTITLEMENT"",""name"":""L02""},{""id"":""ee1771ad841e46ca910d7d66e913c27c"",""type"":""ENTITLEMENT"",""name"":""R01""}]",true,,,[],
b99fd06b48584a0dbaabda2cc8065b37,newaccessprofile_1003,testing accessProfile,2024-03-11T13:03:44.027517Z,2024-03-11T13:03:44.027517Z,true,"{""type"":""IDENTITY"",""id"":""d30f1381b17a4357bfc0e048aacd8098"",""name"":""dhamodharanm.admin""}","{""id"":""610eb44c884d4cf18cf62bdcac6d950e"",""type"":""SOURCE"",""name"":""testpoc3""}","[{""id"":""caa9dede1b8a40cfa5e511b4db6806ee"",""type"":""ENTITLEMENT"",""name"":""L02""},{""id"":""ee1771ad841e46ca910d7d66e913c27c"",""type"":""ENTITLEMENT"",""name"":""R01""}]",true,,,[],
70cf8bf84648483f90803a47d67555b2,newaccessprofile_1002,testing accessProfile,2024-03-11T13:03:45.163462Z,2024-03-11T13:03:45.163462Z,true,"{""type"":""IDENTITY"",""id"":""d30f1381b17a4357bfc0e048aacd8098"",""name"":""dhamodharanm.admin""}","{""id"":""610eb44c884d4cf18cf62bdcac6d950e"",""type"":""SOURCE"",""name"":""testpoc3""}","[{""id"":""caa9dede1b8a40cfa5e511b4db6806ee"",""type"":""ENTITLEMENT"",""name"":""L02""},{""id"":""ee1771ad841e46ca910d7d66e913c27c"",""type"":""ENTITLEMENT"",""name"":""R01""}]",true,,,[],
87f528878bd5438696a8a0be9c533f37,newaccessprofile_1001,testing accessProfile,2024-03-11T13:03:46.048321Z,2024-03-11T13:03:46.048321Z,true,"{""type"":""IDENTITY"",""id"":""d30f1381b17a4357bfc0e048aacd8098"",""name"":""dhamodharanm.admin""}","{""id"":""610eb44c884d4cf18cf62bdcac6d950e"",""type"":""SOURCE"",""name"":""testpoc3""}","[{""id"":""caa9dede1b8a40cfa5e511b4db6806ee"",""type"":""ENTITLEMENT"",""name"":""L02""},{""id"":""ee1771ad841e46ca910d7d66e913c27c"",""type"":""ENTITLEMENT"",""name"":""R01""}]",true,,,[],
e7765063a7b2484293c228ba2f74e8d4,Test IT Role AP1,testing accessProfile,2024-03-12T20:16:11.303915Z,2024-03-12T20:16:11.303915Z,true,"{""type"":""IDENTITY"",""id"":""d30f1381b17a4357bfc0e048aacd8098"",""name"":""dhamodharanm.admin""}","{""id"":""610eb44c884d4cf18cf62bdcac6d950e"",""type"":""SOURCE"",""name"":""testpoc3""}","[{""id"":""caa9dede1b8a40cfa5e511b4db6806ee"",""type"":""ENTITLEMENT"",""name"":""L02""},{""id"":""ee1771ad841e46ca910d7d66e913c27c"",""type"":""ENTITLEMENT"",""name"":""R01""}]",true,,,[],
0b5614ffb939435a85510f7bbd5820ff,Test IT Role AP1_123,testing accessProfile,2024-03-13T06:53:17.291794Z,2024-03-13T06:53:17.291794Z,true,"{""type"":""IDENTITY"",""id"":""d30f1381b17a4357bfc0e048aacd8098"",""name"":""dhamodharanm.admin""}","{""id"":""610eb44c884d4cf18cf62bdcac6d950e"",""type"":""SOURCE"",""name"":""testpoc3""}","[{""id"":""caa9dede1b8a40cfa5e511b4db6806ee"",""type"":""ENTITLEMENT"",""name"":""L02""},{""id"":""ee1771ad841e46ca910d7d66e913c27c"",""type"":""ENTITLEMENT"",""name"":""R01""}]",true,,,[],
09f9301337954a83a3d6aff6d60f3e81,Test IT Role AP1_126,testing accessProfile,2024-03-13T14:25:29.97509Z,2024-03-13T14:25:29.97509Z,true,"{""type"":""IDENTITY"",""id"":""d30f1381b17a4357bfc0e048aacd8098"",""name"":""dhamodharanm.admin""}","{""id"":""610eb44c884d4cf18cf62bdcac6d950e"",""type"":""SOURCE"",""name"":""testpoc3""}","[{""id"":""caa9dede1b8a40cfa5e511b4db6806ee"",""type"":""ENTITLEMENT"",""name"":""L02""},{""id"":""ee1771ad841e46ca910d7d66e913c27c"",""type"":""ENTITLEMENT"",""name"":""R01""}]",true,,,[],
441a2dda45514d4e985e01de80045796,Test IT Role AP1_127,testing accessProfile,2024-03-13T14:35:14.915582Z,2024-03-13T14:35:14.915582Z,true,"{""type"":""IDENTITY"",""id"":""d30f1381b17a4357bfc0e048aacd8098"",""name"":""dhamodharanm.admin""}","{""id"":""610eb44c884d4cf18cf62bdcac6d950e"",""type"":""SOURCE"",""name"":""testpoc3""}","[{""id"":""caa9dede1b8a40cfa5e511b4db6806ee"",""type"":""ENTITLEMENT"",""name"":""L02""},{""id"":""ee1771ad841e46ca910d7d66e913c27c"",""type"":""ENTITLEMENT"",""name"":""R01""}]",true,,,[],
2b543a352e6d4aceb566c4f39a8dd06d,Test IT Role AP1_129,testing accessProfile,2024-03-14T06:25:25.828639Z,2024-03-14T06:25:25.828639Z,true,"{""type"":""IDENTITY"",""id"":""d30f1381b17a4357bfc0e048aacd8098"",""name"":""dhamodharanm.admin""}","{""id"":""610eb44c884d4cf18cf62bdcac6d950e"",""type"":""SOURCE"",""name"":""testpoc3""}","[{""id"":""caa9dede1b8a40cfa5e511b4db6806ee"",""type"":""ENTITLEMENT"",""name"":""L02""},{""id"":""ee1771ad841e46ca910d7d66e913c27c"",""type"":""ENTITLEMENT"",""name"":""R01""}]",true,,,[],
b5fc1ff457414de0a924547870a1715f,Test IT Role AP1_130,testing accessProfile,2024-03-14T13:08:59.810791Z,2024-03-14T13:08:59.810791Z,true,"{""type"":""IDENTITY"",""id"":""d30f1381b17a4357bfc0e048aacd8098"",""name"":""dhamodharanm.admin""}","{""id"":""610eb44c884d4cf18cf62bdcac6d950e"",""type"":""SOURCE"",""name"":""testpoc3""}","[{""id"":""caa9dede1b8a40cfa5e511b4db6806ee"",""type"":""ENTITLEMENT"",""name"":""L02""},{""id"":""ee1771ad841e46ca910d7d66e913c27c"",""type"":""ENTITLEMENT"",""name"":""R01""}]",true,,,[],
eb8e0a2ed4274c9492dc06ba0e29cc45,Test IT Role AP1_131,testing accessProfile,2024-03-15T02:47:44.359472Z,2024-03-15T02:47:44.359472Z,true,"{""type"":""IDENTITY"",""id"":""d30f1381b17a4357bfc0e048aacd8098"",""name"":""dhamodharanm.admin""}","{""id"":""610eb44c884d4cf18cf62bdcac6d950e"",""type"":""SOURCE"",""name"":""testpoc3""}","[{""id"":""caa9dede1b8a40cfa5e511b4db6806ee"",""type"":""ENTITLEMENT"",""name"":""L02""},{""id"":""ee1771ad841e46ca910d7d66e913c27c"",""type"":""ENTITLEMENT"",""name"":""R01""}]",true,,,[],
cd98e61123664ead853e21de6110f971,Test IT Role AP1_132,testing accessProfile,2024-03-15T09:19:45.160679Z,2024-03-15T09:19:45.160679Z,true,"{""type"":""IDENTITY"",""id"":""d30f1381b17a4357bfc0e048aacd8098"",""name"":""dhamodharanm.admin""}","{""id"":""610eb44c884d4cf18cf62bdcac6d950e"",""type"":""SOURCE"",""name"":""testpoc3""}","[{""id"":""caa9dede1b8a40cfa5e511b4db6806ee"",""type"":""ENTITLEMENT"",""name"":""L02""},{""id"":""ee1771ad841e46ca910d7d66e913c27c"",""type"":""ENTITLEMENT"",""name"":""R01""}]",true,,,[],
82ca4a9599c3468f9d9c70716681c6ae,Test IT Role AP1_133,testing accessProfile,2024-03-17T10:47:32.855964Z,2024-03-17T10:47:32.855964Z,true,"{""type"":""IDENTITY"",""id"":""d30f1381b17a4357bfc0e048aacd8098"",""name"":""dhamodharanm.admin""}","{""id"":""610eb44c884d4cf18cf62bdcac6d950e"",""type"":""SOURCE"",""name"":""testpoc3""}","[{""id"":""caa9dede1b8a40cfa5e511b4db6806ee"",""type"":""ENTITLEMENT"",""name"":""L02""},{""id"":""ee1771ad841e46ca910d7d66e913c27c"",""type"":""ENTITLEMENT"",""name"":""R01""}]",true,,,[],