actionInProcess,requester,requestedFor,owner,requesterComment,previousReviewersComments,forwardHistory,requestCreated,requestedObject,requestType,removeDate,currentRemoveDate,removeDateUpdateRequested,commentRequiredWhenRejected,sodViolationContext,preApprovalTriggerResult,clientMetadata,requestedAccounts,id,name,created,modified
,"{""type"":""IDENTITY"",""id"":""037501af9b5d4845968eddcd27832dcd"",""name"":""rileyrichards.admin""}","{""type"":""IDENTITY"",""id"":""037501af9b5d4845968eddcd27832dcd"",""name"":""rileyrichards.admin""}","{""type"":""IDENTITY"",""id"":""c5af438046714ee1ac3fc2a2685c08c8"",""name"":""Brent.McCormick""}","{""comment"":""test"",""author"":{""type"":""IDENTITY"",""id"":""037501af9b5d4845968eddcd27832dcd"",""name"":""rileyrichards.admin""},""created"":""2023-07-13T19:37:20.770Z""}",[],[],2023-07-13T19:36:58.303Z,"{""name"":""Accounts Payable"",""description"":""Internal Accounts Payable Application Access"",""type"":""ACCESS_PROFILE"",""id"":""4fbfd40683d74dbb95d35716ce320da2""}",GRANT_ACCESS,2023-07-15T05:00Z,,false,true,"{""state"":""SUCCESS"",""violationCheckResult"":{""message"":{""locale"":""en-US"",""localeOrigin"":""DEFAULT"",""text"":""""},""violatedPolicies"":[],""violationContexts"":[],""clientMetadata"":{""identityRequestItemId"":""d1800440fbda441891676df30ffca147"",""identityRequestId"":""c64a51640222483e98ba671ef20cabd4"",""workflowCaseId"":""d5b03815a5bb4e70b9d8ed01be8c3838""}},""uuid"":""df40aab9-bf89-456c-9918-3f85ebd3d130""}",,"{""requestedAppIcon"":""sprite:genapp-default"",""requestedAppName"":""Accounting"",""requestedAppId"":""026e53a7291343abb88a19dbe0068d8b""}",,0085211b98ca4cbca8240c1eb0c620cb,App Owner Approval - Account Changes for User: rileyrichards.admin,2023-07-13T19:37:20.872Z,2023-07-13T19:37:21.117Z
,"{""type"":""IDENTITY"",""id"":""3aa86fa84f054475bd715c685f5f5427"",""name"":""Ravi.Kumar""}","{""type"":""IDENTITY"",""id"":""3aa86fa84f054475bd715c685f5f5427"",""name"":""Ravi.Kumar""}","{""type"":""IDENTITY"",""id"":""20badaf0836a4246b13abdba4639de60"",""name"":""swetagupta.admin""}","{""comment"":""requestry need access"",""author"":{""type"":""IDENTITY"",""id"":""3aa86fa84f054475bd715c685f5f5427"",""name"":""Ravi.Kumar""},""created"":""2023-08-03T10:10:52.811Z""}",[],[],2023-08-03T10:10:15.351Z,"{""name"":""ACCESSPROFILE-14"",""description"":null,""type"":""ACCESS_PROFILE"",""id"":""53c82876965247f99a49b9a22b5b55c9""}",GRANT_ACCESS,,,false,false,"{""state"":""SUCCESS"",""violationCheckResult"":{""message"":{""locale"":""en-US"",""localeOrigin"":""DEFAULT"",""text"":""""},""violatedPolicies"":[],""violationContexts"":[],""clientMetadata"":{""identityRequestItemId"":""51bd9055cd7e48939d5cb4b1556d442c"",""identityRequestId"":""6acc7fa67c9943228214954f84fea47a"",""workflowCaseId"":""4d92010fcd1c45d7bdefeb774c516edf""}},""uuid"":""795210ff-8614-4f08-a378-17fbdec51f4c""}",,"{""requestedAppIcon"":""https://files.accessiq.sailpoint.com/modules/builds/static-assets/perpetual/identitynow/icons/2.0/default/"",""requestedAppName"":""APPLICATION-14"",""requestedAppId"":""6186bd03781c424abbcf6806ddfdeea9""}",,01c1b63f263d40f991ff463347c7a3bf,Access Profile Owner Approval - Account Changes for User: Ravi.Kumar,2023-08-03T10:10:52.876Z,2023-08-03T10:10:53.111Z
,"{""type"":""IDENTITY"",""id"":""b9c6ea3e94fc462da4b140eb1bc10450"",""name"":""Scott.Frederick""}","{""type"":""IDENTITY"",""id"":""ffe5b910dd21404c8496d8dcc1b09767"",""name"":""Denise.Hunt1""}","{""type"":""IDENTITY"",""id"":""1b86997a256040a98e70072dcc039ec2"",""name"":""scottfrederick.admin""}",,[],[],2024-02-26T20:13:27.784Z,"{""name"":""Buyer"",""description"":""Allowed to make acquisitions"",""type"":""ENTITLEMENT"",""id"":""b99a2dc9b1cc4d858354eee19e0a810c""}",GRANT_ACCESS,,,false,false,"{""state"":""SUCCESS"",""violationCheckResult"":{""message"":{""locale"":""en-US"",""localeOrigin"":""DEFAULT"",""text"":""""},""violatedPolicies"":[],""violationContexts"":[],""clientMetadata"":{""identityRequestItemId"":""92d934057e0e4ec8addb6f7419a67eaf"",""identityRequestId"":""03e03774e2d242e7b824635d3b51a517"",""workflowCaseId"":""0d38a50799e04c058e4773fc1684ecd5""}},""uuid"":""9c77441d-230e-4574-8399-38a4fed7fedd""}",,{},,0815cc4b6920426bad06af77b3bb0c30,Entitlement Owner Approval - Account Changes for User: Denise.Hunt1,2024-02-26T20:13:44.859Z,2024-02-26T20:13:44.982Z
,"{""type"":""IDENTITY"",""id"":""881c5ff10af9459d8ceac4070bfb778f"",""name"":""jatinluthra.admin""}","{""type"":""IDENTITY"",""id"":""881c5ff10af9459d8ceac4070bfb778f"",""name"":""jatinluthra.admin""}","{""type"":""IDENTITY"",""id"":""b2764aa119b2479ca10d0bc53e8b041d"",""name"":""mahakgarg.admin""}",,[],[],2023-09-15T09:05:08.850Z,"{""name"":""Zurich Finance AP"",""description"":null,""type"":""ACCESS_PROFILE"",""id"":""e760f6970a9844f0a81e2f9addd4efa9""}",GRANT_ACCESS,,,false,false,"{""state"":""SUCCESS"",""violationCheckResult"":{""message"":{""locale"":""en-US"",""localeOrigin"":""DEFAULT"",""text"":""""},""violatedPolicies"":[],""violationContexts"":[],""clientMetadata"":{""identityRequestItemId"":""b2c4b656745b4c7397c8c72e2f7c91a9"",""identityRequestId"":""9ce500e1d37b405c925e7b29b0a15933"",""workflowCaseId"":""ac964b5ecef24e1a9e5e151b6d6466d9""}},""uuid"":""fdaf6add-331b-4360-a9f2-54c6b625c83f""}",,"{""requestedAppIcon"":""sprite:genapp-default"",""requestedAppName"":""Zurich Finance App"",""requestedAppId"":""d0e1d015ee1d4e2696114e96123908d7""}",,0d6d837bedc547b2b9a79e1de5a53765,App Owner Approval - Account Changes for User: jatinluthra.admin,2023-09-15T10:34:50.869Z,2023-09-15T10:34:51.135Z
,"{""type"":""IDENTITY"",""id"":""b89be0bed5a44673bfeed3994d88f557"",""name"":""kadalinarendra.admin""}","{""type"":""IDENTITY"",""id"":""b89be0bed5a44673bfeed3994d88f557"",""name"":""kadalinarendra.admin""}","{""type"":""IDENTITY"",""id"":""20badaf0836a4246b13abdba4639de60"",""name"":""swetagupta.admin""}","{""comment"":""test"",""author"":{""type"":""IDENTITY"",""id"":""b89be0bed5a44673bfeed3994d88f557"",""name"":""kadalinarendra.admin""},""created"":""2024-03-08T11:28:35.328Z""}",[],[],2024-03-08T11:27:34.816Z,"{""name"":""ACCESSPROFILE-14"",""description"":""While requesting access, please provide following details in comments box.\n1. Start date\n2. Reason for request"",""type"":""ACCESS_PROFILE"",""id"":""53c82876965247f99a49b9a22b5b55c9""}",GRANT_ACCESS,,,false,false,"{""state"":""SUCCESS"",""violationCheckResult"":{""message"":{""locale"":""en-US"",""localeOrigin"":""DEFAULT"",""text"":""""},""violatedPolicies"":[],""violationContexts"":[],""clientMetadata"":{""identityRequestItemId"":""4057a2c3307f462ca121c367d77f42fe"",""identityRequestId"":""e8196860f27e4549984994243b001198"",""workflowCaseId"":""44fb25b45e2f491ca8614a90fbed71d3""}},""uuid"":""9ffb67a5-efa1-4d99-a5db-c6960a4cefd7""}",,{},,39535df902f14e85bee1d222b15c1128,Access Profile Owner Approval - Account Changes for User: kadalinarendra.admin,2024-03-08T11:28:35.409Z,2024-03-08T11:28:35.581Z
,"{""type"":""IDENTITY"",""id"":""ce616d2459ea4390a04278e60d65e816"",""name"":""kandukurin.admin""}","{""type"":""IDENTITY"",""id"":""dca3375f303248bd88e85540105f34b6"",""name"":""Abdul.Rahim""}","{""type"":""IDENTITY"",""id"":""b89be0bed5a44673bfeed3994d88f557"",""name"":""kadalinarendra.admin""}","{""comment"":""asdfdsf"",""author"":{""type"":""IDENTITY"",""id"":""ce616d2459ea4390a04278e60d65e816"",""name"":""kandukurin.admin""},""created"":""2024-03-08T12:12:39.884Z""}",[],[],2024-03-08T12:11:48.008Z,"{""name"":""Access Profile 15"",""description"":""While requesting, please provide following information in comments box\n1. Start Date\n2. Reason for request"",""type"":""ACCESS_PROFILE"",""id"":""8fdcd831a7824b1ab8fc163223ad9676""}",GRANT_ACCESS,,,false,false,"{""state"":""SUCCESS"",""violationCheckResult"":{""message"":{""locale"":""en-US"",""localeOrigin"":""DEFAULT"",""text"":""""},""violatedPolicies"":[],""violationContexts"":[],""clientMetadata"":{""identityRequestItemId"":""05e454d6125f4cd989a784f52db6cff7"",""identityRequestId"":""0184b0f7658044ffaaed757f65e3d5e9"",""workflowCaseId"":""cf7dbac6db8f4d95a2d4423c755aa483""}},""uuid"":""3825cccf-e5f2-4ba2-8241-c9647b74e488""}",,{},,415e9c4f6ecf48cd9345f5962f83aeda,Source Owner Approval - Account Changes for User: Abdul.Rahim,2024-03-08T12:12:39.950Z,2024-03-08T12:12:40.097Z
,"{""type"":""IDENTITY"",""id"":""ff0482504569402c9b6b2269e3441fa6"",""name"":""Cheru""}","{""type"":""IDENTITY"",""id"":""1e2b29498e844fd6952b1f90344f90b1"",""name"":""Mani.Varma""}","{""type"":""IDENTITY"",""id"":""9749f1f671884513b202f5beb6eb8ed1"",""name"":""Sastry.Ram""}",,[],[],2023-09-19T16:05:22.292Z,"{""name"":""Zurich - Developer"",""description"":null,""type"":""ACCESS_PROFILE"",""id"":""61da4da36f124343962cadfc9ab63594""}",GRANT_ACCESS,,,false,false,,,"{""requestedAppIcon"":""sprite:genapp-default"",""requestedAppName"":""Zurich - Engineering"",""requestedAppId"":""cca49a7830164695a1edba4b6e0d8ecb""}",,7f24091c7d6f4fc9ac7baadacee51201,Manager Approval - Account Changes for User: Mani.Varma,2023-09-19T16:05:22.747Z,2023-09-19T16:05:22.941Z
,"{""type"":""IDENTITY"",""id"":""b89be0bed5a44673bfeed3994d88f557"",""name"":""kadalinarendra.admin""}","{""type"":""IDENTITY"",""id"":""b89be0bed5a44673bfeed3994d88f557"",""name"":""kadalinarendra.admin""}","{""type"":""IDENTITY"",""id"":""61d806622d474c02b312abe46cf80547"",""name"":""rthammineni.admin""}",,[],[],2024-03-08T11:15:11.753Z,"{""name"":""AD Admins"",""description"":null,""type"":""ROLE"",""id"":""962f6d48f4ca409a813ae2780ed448a3""}",GRANT_ACCESS,,,false,false,"{""state"":""SUCCESS"",""violationCheckResult"":{""message"":{""locale"":""en-US"",""localeOrigin"":""DEFAULT"",""text"":""""},""violatedPolicies"":[],""violationContexts"":[],""clientMetadata"":{""identityRequestItemId"":""f5b933ed86b247a4afb67cc47b756e15"",""identityRequestId"":""32d84a16220d4e0cb8147ad716abf478"",""workflowCaseId"":""3e5ec39ef1bb42e182ad79246efa55eb""}},""uuid"":""a2254dcc-865d-4537-ac85-8fa3f90d6845""}",,{},,8c412ba1eacb47ab86c6bd32fcb7fa32,Owner Approval - Account Changes for User: kadalinarendra.admin,2024-03-08T11:15:23.578Z,2024-03-08T11:15:23.797Z
,"{""type"":""IDENTITY"",""id"":""ce616d2459ea4390a04278e60d65e816"",""name"":""kandukurin.admin""}","{""type"":""IDENTITY"",""id"":""12b907fc9e8d44719f1a08990127d769"",""name"":""Adam.Kennedy""}","{""type"":""IDENTITY"",""id"":""b89be0bed5a44673bfeed3994d88f557"",""name"":""kadalinarendra.admin""}",,[],[],2024-03-08T12:12:32.720Z,"{""name"":""Access Profile 15"",""description"":""While requesting, please provide following information in comments box\n1. Start Date\n2. Reason for request"",""type"":""ACCESS_PROFILE"",""id"":""8fdcd831a7824b1ab8fc163223ad9676""}",GRANT_ACCESS,,,false,false,"{""state"":""SUCCESS"",""violationCheckResult"":{""message"":{""locale"":""en-US"",""localeOrigin"":""DEFAULT"",""text"":""""},""violatedPolicies"":[],""violationContexts"":[],""clientMetadata"":{""identityRequestItemId"":""443b2804f661468d897f00ee5910481a"",""identityRequestId"":""f8ced5a5ac17464bb01481c292418956"",""workflowCaseId"":""a88fac1e89b44a01b01f5542f198e07a""}},""uuid"":""490de8fe-5aa0-4af4-8673-e9234c47ac0b""}",,{},,8eb29ef3caed420f9d4c33539cafd997,Source Owner Approval - Account Changes for User: Adam.Kennedy,2024-03-08T12:13:34.506Z,2024-03-08T12:13:34.709Z
,"{""type"":""IDENTITY"",""id"":""7729e087972b466893186700f5fec04c"",""name"":""magnusspeier.admin""}","{""type"":""IDENTITY"",""id"":""f56d80d2d0d14834969f8fc5a50e1884"",""name"":""Amy.Chen2""}","{""type"":""IDENTITY"",""id"":""d9ceb30b06aa474fa50f95df21607752"",""name"":""Douglas.Flores1""}","{""comment"":""3/28/2024\nI need this access to perform my tasks."",""author"":{""type"":""IDENTITY"",""id"":""7729e087972b466893186700f5fec04c"",""name"":""magnusspeier.admin""},""created"":""2024-03-26T20:51:57.116Z""}",[],[],2024-03-26T20:51:41.823Z,"{""name"":""ACCESSPROFILE-14"",""description"":""While requesting access, please provide following details in comments box.\n1. Start date\n2. Reason for request"",""type"":""ACCESS_PROFILE"",""id"":""53c82876965247f99a49b9a22b5b55c9""}",GRANT_ACCESS,,,false,false,"{""state"":""SUCCESS"",""violationCheckResult"":{""message"":{""locale"":""en-US"",""localeOrigin"":""DEFAULT"",""text"":""""},""violatedPolicies"":[],""violationContexts"":[],""clientMetadata"":{""identityRequestItemId"":""487f24312f974187b368f3c4e66e474e"",""identityRequestId"":""7bb97f9eab5c430e8bab5ec525ffc7a3"",""workflowCaseId"":""d7625545f84f4f1192c8709e20219528""}},""uuid"":""35fd14f1-4e2d-4cf8-83fc-976296de37f4""}",,"{""requestedAppIcon"":""sprite:genapp-default"",""requestedAppName"":""APPLICATION-14"",""requestedAppId"":""6186bd03781c424abbcf6806ddfdeea9""}",,90872f2405bc44b79c6810543c9ef6ba,Manager Approval - Account Changes for User: Amy.Chen2,2024-03-26T20:51:57.189Z,2024-03-26T20:51:57.363Z
,"{""type"":""IDENTITY"",""id"":""b89be0bed5a44673bfeed3994d88f557"",""name"":""kadalinarendra.admin""}","{""type"":""IDENTITY"",""id"":""b89be0bed5a44673bfeed3994d88f557"",""name"":""kadalinarendra.admin""}","{""type"":""IDENTITY"",""id"":""61d806622d474c02b312abe46cf80547"",""name"":""rthammineni.admin""}",,[],[],2024-03-08T11:15:11.905Z,"{""name"":""AD Admins"",""description"":null,""type"":""ACCESS_PROFILE"",""id"":""3dbd5d6b04c6461fa327c520d6d8aba9""}",GRANT_ACCESS,,,false,false,"{""state"":""SUCCESS"",""violationCheckResult"":{""message"":{""locale"":""en-US"",""localeOrigin"":""DEFAULT"",""text"":""""},""violatedPolicies"":[],""violationContexts"":[],""clientMetadata"":{""identityRequestItemId"":""0bf295f1e0404dcfb27001310e60ffc6"",""identityRequestId"":""1f3b468fb7d842869e77011a8759da10"",""workflowCaseId"":""c586cdea072641dd90205fd0b94090cd""}},""uuid"":""efd902f5-9ee7-4101-95de-a4a221ef3201""}",,{},,93de0797dd2d456b8ac8aa41c761a355,Access Profile Owner Approval - Account Changes for User: kadalinarendra.admin,2024-03-08T11:15:23.591Z,2024-03-08T11:15:23.865Z
,"{""type"":""IDENTITY"",""id"":""b89be0bed5a44673bfeed3994d88f557"",""name"":""kadalinarendra.admin""}","{""type"":""IDENTITY"",""id"":""b89be0bed5a44673bfeed3994d88f557"",""name"":""kadalinarendra.admin""}","{""type"":""IDENTITY"",""id"":""61d806622d474c02b312abe46cf80547"",""name"":""rthammineni.admin""}",,[],[],2024-03-08T11:15:09.865Z,"{""name"":""Account Payable Analyst"",""description"":""Accounts Payable accounting staff"",""type"":""ROLE"",""id"":""041e4d70137e41c5a8827677bdbf0660""}",GRANT_ACCESS,,,false,false,"{""state"":""SUCCESS"",""violationCheckResult"":{""message"":{""locale"":""en-US"",""localeOrigin"":""DEFAULT"",""text"":""""},""violatedPolicies"":[],""violationContexts"":[],""clientMetadata"":{""identityRequestItemId"":""6d01457e2e114e0eaf783995439a402b"",""identityRequestId"":""e6cf32bbee3f4201aa2e2ce174a2788b"",""workflowCaseId"":""85c141eb0f6d40278347940b23726b66""}},""uuid"":""543ce797-e9d4-4412-95ab-6ce2644d94cc""}",,{},,a9cf6f4a68a64c9a9a7ebe0313ec2355,Owner Approval - Account Changes for User: kadalinarendra.admin,2024-03-08T11:17:34.358Z,2024-03-08T11:17:34.557Z
,"{""type"":""IDENTITY"",""id"":""ce616d2459ea4390a04278e60d65e816"",""name"":""kandukurin.admin""}","{""type"":""IDENTITY"",""id"":""fd21a4c682064bdfa9a2a821ffb93e3f"",""name"":""Aaron.Nichols2""}","{""type"":""IDENTITY"",""id"":""b89be0bed5a44673bfeed3994d88f557"",""name"":""kadalinarendra.admin""}","{""comment"":""adfsaf"",""author"":{""type"":""IDENTITY"",""id"":""ce616d2459ea4390a04278e60d65e816"",""name"":""kandukurin.admin""},""created"":""2024-03-08T12:09:33.017Z""}",[],[],2024-03-08T12:09:17.384Z,"{""name"":""Access Profile 15"",""description"":""While requesting, please provide following information in comments box\n1. Start Date\n2. Reason for request"",""type"":""ACCESS_PROFILE"",""id"":""8fdcd831a7824b1ab8fc163223ad9676""}",GRANT_ACCESS,,,false,false,"{""state"":""SUCCESS"",""violationCheckResult"":{""message"":{""locale"":""en-US"",""localeOrigin"":""DEFAULT"",""text"":""""},""violatedPolicies"":[],""violationContexts"":[],""clientMetadata"":{""identityRequestItemId"":""3dbfb7c1e73a4581bdfc9d10e49cec7f"",""identityRequestId"":""fab769e26ccf4d69baacb5041228cbc0"",""workflowCaseId"":""5384e06b65c2471492c3e6472fc690e0""}},""uuid"":""253951ab-0748-4150-bc9a-2a5b743f0ecc""}",,{},,d2ac7d0e410e46059def1e4b326b86ee,Source Owner Approval - Account Changes for User: Aaron.Nichols2,2024-03-08T12:09:33.142Z,2024-03-08T12:09:33.281Z
,"{""type"":""IDENTITY"",""id"":""ee635ec6df9a4a76b731fa946950a1ec"",""name"":""shenbavellaiyan.admin""}","{""type"":""IDENTITY"",""id"":""ee635ec6df9a4a76b731fa946950a1ec"",""name"":""shenbavellaiyan.admin""}","{""type"":""IDENTITY"",""id"":""20badaf0836a4246b13abdba4639de60"",""name"":""swetagupta.admin""}","{""comment"":""Testing access request"",""author"":{""type"":""IDENTITY"",""id"":""ee635ec6df9a4a76b731fa946950a1ec"",""name"":""shenbavellaiyan.admin""},""created"":""2023-12-14T02:13:51.296Z""}",[],[],2023-12-14T02:13:37.451Z,"{""name"":""ACCESSPROFILE-14"",""description"":""While requesting access, please provide following details in comments box.\n1. Start date\n2. Reason for request"",""type"":""ACCESS_PROFILE"",""id"":""53c82876965247f99a49b9a22b5b55c9""}",GRANT_ACCESS,,,false,false,"{""state"":""SUCCESS"",""violationCheckResult"":{""message"":{""locale"":""en-US"",""localeOrigin"":""DEFAULT"",""text"":""""},""violatedPolicies"":[],""violationContexts"":[],""clientMetadata"":{""identityRequestItemId"":""33fac35d5d154e6bbf4838a69960db32"",""identityRequestId"":""c343992143b44995a4c73f08eba421ba"",""workflowCaseId"":""8379f6881d0f4651bf479d6f8ea46cb2""}},""uuid"":""b0e9eacb-14da-4438-ba62-0e62e6092e96""}",,"{""requestedAppIcon"":""sprite:genapp-default"",""requestedAppName"":""APPLICATION-14"",""requestedAppId"":""6186bd03781c424abbcf6806ddfdeea9""}",,e41537bb42184044b1f078b0a4b21c39,Access Profile Owner Approval - Account Changes for User: shenbavellaiyan.admin,2023-12-14T02:13:51.423Z,2023-12-14T02:13:51.612Z
,"{""type"":""IDENTITY"",""id"":""2d18d9f3e34644fab8a845b34d0fdb05"",""name"":""sunilbalasahebd.admin""}","{""type"":""IDENTITY"",""id"":""17654a7fa25e468199287290b8e8b9d6"",""name"":""Alice.Smith""}","{""type"":""IDENTITY"",""id"":""9749f1f671884513b202f5beb6eb8ed1"",""name"":""Sastry.Ram""}",,[],[],2023-09-15T10:34:46.060Z,"{""name"":""Zurich Finance AP"",""description"":null,""type"":""ACCESS_PROFILE"",""id"":""e760f6970a9844f0a81e2f9addd4efa9""}",GRANT_ACCESS,2023-09-29T18:30Z,,false,false,"{""state"":""SUCCESS"",""violationCheckResult"":{""message"":{""locale"":""en-US"",""localeOrigin"":""DEFAULT"",""text"":""""},""violatedPolicies"":[],""violationContexts"":[],""clientMetadata"":{""identityRequestItemId"":""1495e251ea0048f18cff7d9dd2c88b44"",""identityRequestId"":""3d0d08e79d4c4075ba7992742274fed1"",""workflowCaseId"":""d5db7bae6e82473fa4d799c601d2173c""}},""uuid"":""b3140c50-216a-48be-9eb0-740a5cd714df""}",,"{""requestedAppIcon"":""sprite:genapp-default"",""requestedAppName"":""Zurich Finance App"",""requestedAppId"":""d0e1d015ee1d4e2696114e96123908d7""}",,e8ce27d79612432ba21480686ac7bd56,Manager Approval - Account Changes for User: Alice.Smith,2023-09-15T10:34:58.695Z,2023-09-15T10:34:58.771Z
,"{""type"":""IDENTITY"",""id"":""b9c6ea3e94fc462da4b140eb1bc10450"",""name"":""Scott.Frederick""}","{""type"":""IDENTITY"",""id"":""506d0470bbc44b2bbed9a7a8732785ff"",""name"":""Albert.Visser1""}","{""type"":""IDENTITY"",""id"":""3ab29f65c7754e52ab9b59ea80ba20ab"",""name"":""sannamneni.admin""}",,[],[],2024-02-26T20:16:44.344Z,"{""name"":""Buyer"",""description"":""Allowed to make acquisitions"",""type"":""ENTITLEMENT"",""id"":""b99a2dc9b1cc4d858354eee19e0a810c""}",GRANT_ACCESS,,,false,false,"{""state"":""SUCCESS"",""violationCheckResult"":{""message"":{""locale"":""en-US"",""localeOrigin"":""DEFAULT"",""text"":""""},""violatedPolicies"":[],""violationContexts"":[],""clientMetadata"":{""identityRequestItemId"":""5ca0ca70c68b4464a072a4789501dfed"",""identityRequestId"":""df6ae05328c24a7cb2ad3ac85bb2fa8c"",""workflowCaseId"":""d599492d9dda49d2abda9b09af95272e""}},""uuid"":""2f7467e9-1544-42ee-bf3c-d9a3e64d20f7""}",,{},,f340d8c6912a49adaae97c78f769d0ba,Entitlement Owner Approval - Account Changes for User: Albert.Visser1,2024-02-26T20:17:18.939Z,2024-02-26T20:17:19.064Z
,"{""type"":""IDENTITY"",""id"":""61d806622d474c02b312abe46cf80547"",""name"":""rthammineni.admin""}","{""type"":""IDENTITY"",""id"":""61d806622d474c02b312abe46cf80547"",""name"":""rthammineni.admin""}","{""type"":""IDENTITY"",""id"":""c3c5c454ee3f44218250aa3b47dae2e2"",""name"":""SailPoint Support""}",,[],[],2023-07-15T16:33:17.877Z,"{""name"":""AD Admins"",""description"":null,""type"":""ACCESS_PROFILE"",""id"":""3dbd5d6b04c6461fa327c520d6d8aba9""}",GRANT_ACCESS,2023-07-21T05:00Z,,false,false,"{""state"":""SUCCESS"",""violationCheckResult"":{""message"":{""locale"":""en-US"",""localeOrigin"":""DEFAULT"",""text"":""""},""violatedPolicies"":[],""violationContexts"":[],""clientMetadata"":{""identityRequestItemId"":""81fe88b180da40c0bbe955613340d61b"",""identityRequestId"":""16dc9270b89c4c30b4d6f526ccdc6ab5"",""workflowCaseId"":""be132b4615024dc9873904f3a2f929ac""}},""uuid"":""3baebf0f-16d9-45bd-b788-4b67366cd1fe""}",,"{""requestedAppIcon"":""https://files.accessiq.sailpoint.com/modules/builds/static-assets/perpetual/identitynow/icons/2.0/default/"",""requestedAppName"":""Atlanta Lab AD Admins"",""requestedAppId"":""6619b40b53c745b4887a0586504db722""}",,f81ad4133ac147af8d0791f551a094b0,Access Profile Owner Approval - Account Changes for User: rthammineni.admin,2023-07-15T16:33:42.202Z,2023-07-15T16:33:42.409Z
,"{""type"":""IDENTITY"",""id"":""2d18d9f3e34644fab8a845b34d0fdb05"",""name"":""sunilbalasahebd.admin""}","{""type"":""IDENTITY"",""id"":""2b6caa59a6ad40c9a31bfbf5ef886c83"",""name"":""Andrew.Smith""}","{""type"":""IDENTITY"",""id"":""9749f1f671884513b202f5beb6eb8ed1"",""name"":""Sastry.Ram""}",,[],[],2023-09-15T10:34:42.472Z,"{""name"":""Zurich Finance AP"",""description"":null,""type"":""ACCESS_PROFILE"",""id"":""e760f6970a9844f0a81e2f9addd4efa9""}",GRANT_ACCESS,,,false,false,"{""state"":""SUCCESS"",""violationCheckResult"":{""message"":{""locale"":""en-US"",""localeOrigin"":""DEFAULT"",""text"":""""},""violatedPolicies"":[],""violationContexts"":[],""clientMetadata"":{""identityRequestItemId"":""3e20f27306d44c69a86618d83201e399"",""identityRequestId"":""90666c6aec21402797ba54a4fea066e6"",""workflowCaseId"":""56b460e42af14a72945941fdd5621352""}},""uuid"":""049ae46c-3918-4ac0-888a-9b5baddfe6e0""}",,"{""requestedAppIcon"":""sprite:genapp-default"",""requestedAppName"":""Zurich Finance App"",""requestedAppId"":""d0e1d015ee1d4e2696114e96123908d7""}",,fba86b9d721c44d3afd87862a924beeb,Manager Approval - Account Changes for User: Andrew.Smith,2023-09-15T10:34:57.900Z,2023-09-15T10:34:57.991Z