[
    {
        "id": "2a550d03afbe43caae16b2b472ac15db",
        "name": "Benefits Employees",
        "description": "Access for Benefits Employees. Distribution group and File share access.",
        "created": "2023-05-02T05:56:12.523Z",
        "modified": "2023-05-02T06:02:00.412Z",
        "enabled": true,
        "owner": {
            "type": "IDENTITY",
            "id": "cbdc946ce60a4ec9acb14027fe609f35",
            "name": "Jerry.Bennett"
        },
        "source": {
            "id": "386f7e49a9764eb79de8233656c1eec7",
            "type": "SOURCE",
            "name": "Active Directory"
        },
        "entitlements": [
            {
                "id": "3ac7a78db6ac457cb7c6945bc9090182",
                "type": "ENTITLEMENT",
                "name": "Benefits"
            }
        ],
        "requestable": true,
        "accessRequestConfig": {
            "commentsRequired": true,
            "denialCommentsRequired": true,
            "approvalSchemes": [
                {
                    "approverType": "APP_OWNER",
                    "approverId": null
                }
            ]
        },
        "revocationRequestConfig": {
            "approvalSchemes": []
        },
        "segments": [],
        "provisioningCriteria": null
    },
    {
        "id": "989e555c314c41b19c3a7c08e75b9d80",
        "name": "Payroll Admin Access",
        "description": "Internal Payroll Admin Application Access",
        "created": "2023-05-02T05:56:12.641Z",
        "modified": "2023-05-02T06:02:00.485Z",
        "enabled": true,
        "owner": {
            "type": "IDENTITY",
            "id": "cbdc946ce60a4ec9acb14027fe609f35",
            "name": "Jerry.Bennett"
        },
        "source": {
            "id": "386f7e49a9764eb79de8233656c1eec7",
            "type": "SOURCE",
            "name": "Active Directory"
        },
        "entitlements": [
            {
                "id": "034384ceabe3431ea0ee82ada7440567",
                "type": "ENTITLEMENT",
                "name": "PayrollProjects"
            },
            {
                "id": "6ace991187dc473e95470e029f5ad02b",
                "type": "ENTITLEMENT",
                "name": "PayrollControls"
            }
        ],
        "requestable": true,
        "accessRequestConfig": {
            "commentsRequired": true,
            "denialCommentsRequired": true,
            "approvalSchemes": [
                {
                    "approverType": "APP_OWNER",
                    "approverId": null
                }
            ]
        },
        "revocationRequestConfig": {
            "approvalSchemes": []
        },
        "segments": [],
        "provisioningCriteria": null
    },
    {
        "id": "7f2197f9613d4799a12191f035ce09bf",
        "name": "Corporate VPN Access",
        "description": "Corporate VPN Access",
        "created": "2023-05-02T05:56:12.691Z",
        "modified": "2023-05-02T06:01:54.466Z",
        "enabled": true,
        "owner": {
            "type": "IDENTITY",
            "id": "cbdc946ce60a4ec9acb14027fe609f35",
            "name": "Jerry.Bennett"
        },
        "source": {
            "id": "386f7e49a9764eb79de8233656c1eec7",
            "type": "SOURCE",
            "name": "Active Directory"
        },
        "entitlements": [
            {
                "id": "15f05577d1bd4f90a51df55d74379799",
                "type": "ENTITLEMENT",
                "name": "Corporate-VPN"
            }
        ],
        "requestable": true,
        "accessRequestConfig": {
            "commentsRequired": true,
            "denialCommentsRequired": true,
            "approvalSchemes": [
                {
                    "approverType": "APP_OWNER",
                    "approverId": null
                }
            ]
        },
        "revocationRequestConfig": {
            "approvalSchemes": []
        },
        "segments": [],
        "provisioningCriteria": null
    },
    {
        "id": "fc2c7c295c4049e2b11bd05c57f929ba",
        "name": "SalesEnterprise",
        "description": "Grants access for the Enterprise Sales team",
        "created": "2023-05-02T05:56:12.727Z",
        "modified": "2023-05-02T05:56:18.948Z",
        "enabled": true,
        "owner": {
            "type": "IDENTITY",
            "id": "cbdc946ce60a4ec9acb14027fe609f35",
            "name": "Jerry.Bennett"
        },
        "source": {
            "id": "386f7e49a9764eb79de8233656c1eec7",
            "type": "SOURCE",
            "name": "Active Directory"
        },
        "entitlements": [
            {
                "id": "93920326dbaf4f0b9e200c56675eeeec",
                "type": "ENTITLEMENT",
                "name": "Salesforce Enterprise Sales dashboard"
            },
            {
                "id": "d0bd697452aa4eac91a209255b657a96",
                "type": "ENTITLEMENT",
                "name": "Salesforce contacts management"
            },
            {
                "id": "7146254e5bc54426b0ec347896500f1a",
                "type": "ENTITLEMENT",
                "name": "Sales-Enterprise Accounts"
            }
        ],
        "requestable": true,
        "accessRequestConfig": {
            "commentsRequired": false,
            "denialCommentsRequired": false,
            "approvalSchemes": []
        },
        "revocationRequestConfig": {
            "approvalSchemes": []
        },
        "segments": [],
        "provisioningCriteria": null
    },
    {
        "id": "4fbfd40683d74dbb95d35716ce320da2",
        "name": "Accounts Payable",
        "description": "Internal Accounts Payable Application Access",
        "created": "2023-05-02T05:56:12.746Z",
        "modified": "2024-02-11T06:44:24.246216Z",
        "enabled": true,
        "owner": {
            "type": "IDENTITY",
            "id": "a4bbfc268d554df4b527d2eb4783c0f7",
            "name": "Patricia.Jones"
        },
        "source": {
            "id": "386f7e49a9764eb79de8233656c1eec7",
            "type": "SOURCE",
            "name": "Active Directory"
        },
        "entitlements": [
            {
                "id": "2fc9af3e487e4e04ba3a3ffa4bec8b08",
                "type": "ENTITLEMENT",
                "name": "AccountsPayable"
            }
        ],
        "requestable": true,
        "accessRequestConfig": {
            "commentsRequired": true,
            "denialCommentsRequired": true,
            "approvalSchemes": [
                {
                    "approverType": "APP_OWNER",
                    "approverId": null
                }
            ]
        },
        "revocationRequestConfig": {
            "approvalSchemes": []
        },
        "segments": [
            "6b3100f0-c4a9-46c2-8133-d3923d3cf85e"
        ],
        "provisioningCriteria": null
    },
    {
        "id": "4f83e849056c40e39b6969e58b7e1dcc",
        "name": "SalesCommonAccess",
        "description": "Grants basic access for everyone in the sale department",
        "created": "2023-05-02T05:56:12.747Z",
        "modified": "2023-05-02T05:56:18.424Z",
        "enabled": true,
        "owner": {
            "type": "IDENTITY",
            "id": "cbdc946ce60a4ec9acb14027fe609f35",
            "name": "Jerry.Bennett"
        },
        "source": {
            "id": "386f7e49a9764eb79de8233656c1eec7",
            "type": "SOURCE",
            "name": "Active Directory"
        },
        "entitlements": [
            {
                "id": "adafca1e10284b0cacbd900386ba49ca",
                "type": "ENTITLEMENT",
                "name": "Salesforce opportunity management"
            },
            {
                "id": "062b836da901473fb9eeccb594ad07db",
                "type": "ENTITLEMENT",
                "name": "Salesforce Access"
            },
            {
                "id": "70e7544be10949c99b9efcac82a009c4",
                "type": "ENTITLEMENT",
                "name": "Sales-Folder"
            }
        ],
        "requestable": true,
        "accessRequestConfig": {
            "commentsRequired": false,
            "denialCommentsRequired": false,
            "approvalSchemes": []
        },
        "revocationRequestConfig": {
            "approvalSchemes": []
        },
        "segments": [],
        "provisioningCriteria": null
    },
    {
        "id": "61103ea2fb674192941ca323d4488d4a",
        "name": "TRAKK Reject",
        "description": "Reject timecards",
        "created": "2023-05-02T05:56:12.807Z",
        "modified": "2023-05-02T05:56:18.447Z",
        "enabled": true,
        "owner": {
            "type": "IDENTITY",
            "id": "cbdc946ce60a4ec9acb14027fe609f35",
            "name": "Jerry.Bennett"
        },
        "source": {
            "id": "04f39ad0f6464c848cccd8e6dd895c17",
            "type": "SOURCE",
            "name": "TRAKK-WS"
        },
        "entitlements": [
            {
                "id": "071ff6a5c7fd4486a3e90ad3229e209a",
                "type": "ENTITLEMENT",
                "name": "reject"
            }
        ],
        "requestable": true,
        "accessRequestConfig": {
            "commentsRequired": false,
            "denialCommentsRequired": false,
            "approvalSchemes": []
        },
        "revocationRequestConfig": {
            "approvalSchemes": []
        },
        "segments": [],
        "provisioningCriteria": null
    },
    {
        "id": "2898d364108e48f5970f5ba176d590b5",
        "name": "PRISM ERP - User Access",
        "description": "Grants user access to the PRISM ERP system",
        "created": "2023-05-02T05:56:12.822Z",
        "modified": "2023-05-02T06:02:08.881Z",
        "enabled": true,
        "owner": {
            "type": "IDENTITY",
            "id": "cbdc946ce60a4ec9acb14027fe609f35",
            "name": "Jerry.Bennett"
        },
        "source": {
            "id": "567e584ba9c8463cb4e755e1aa62bbe2",
            "type": "SOURCE",
            "name": "PRISM"
        },
        "entitlements": [
            {
                "id": "ce3506cc7d714b4cb8012aaeb3a962ee",
                "type": "ENTITLEMENT",
                "name": "User"
            }
        ],
        "requestable": true,
        "accessRequestConfig": {
            "commentsRequired": false,
            "denialCommentsRequired": false,
            "approvalSchemes": []
        },
        "revocationRequestConfig": {
            "approvalSchemes": []
        },
        "segments": [],
        "provisioningCriteria": null
    },
    {
        "id": "7a88f0c0d2ed4928b20ce40e518afa77",
        "name": "Employee Base Account",
        "description": "Base Active Directory account for all active employees",
        "created": "2023-05-02T05:56:12.876Z",
        "modified": "2023-05-02T05:56:18.754Z",
        "enabled": true,
        "owner": {
            "type": "IDENTITY",
            "id": "cbdc946ce60a4ec9acb14027fe609f35",
            "name": "Jerry.Bennett"
        },
        "source": {
            "id": "386f7e49a9764eb79de8233656c1eec7",
            "type": "SOURCE",
            "name": "Active Directory"
        },
        "entitlements": [
            {
                "id": "20314f31bd3a49aba37bf10b1dacf837",
                "type": "ENTITLEMENT",
                "name": "campusAccess"
            }
        ],
        "requestable": true,
        "accessRequestConfig": {
            "commentsRequired": true,
            "denialCommentsRequired": true,
            "approvalSchemes": [
                {
                    "approverType": "APP_OWNER",
                    "approverId": null
                }
            ]
        },
        "revocationRequestConfig": {
            "approvalSchemes": []
        },
        "segments": [],
        "provisioningCriteria": null
    },
    {
        "id": "caffb6a2ec654cc1a68b3a18038c6bb5",
        "name": "SalesRegional",
        "description": "Grants access to the regional account managers",
        "created": "2023-05-02T05:56:12.916Z",
        "modified": "2023-05-02T05:56:18.455Z",
        "enabled": true,
        "owner": {
            "type": "IDENTITY",
            "id": "cbdc946ce60a4ec9acb14027fe609f35",
            "name": "Jerry.Bennett"
        },
        "source": {
            "id": "386f7e49a9764eb79de8233656c1eec7",
            "type": "SOURCE",
            "name": "Active Directory"
        },
        "entitlements": [
            {
                "id": "d0bd697452aa4eac91a209255b657a96",
                "type": "ENTITLEMENT",
                "name": "Salesforce contacts management"
            },
            {
                "id": "d92b7b99fc4f4c83828997472015feaa",
                "type": "ENTITLEMENT",
                "name": "Sales-Regional Accounts"
            },
            {
                "id": "379bd4691473455bbe31d4cd63d7e295",
                "type": "ENTITLEMENT",
                "name": "Salesforce Regional Sales dashboard"
            }
        ],
        "requestable": true,
        "accessRequestConfig": {
            "commentsRequired": false,
            "denialCommentsRequired": false,
            "approvalSchemes": []
        },
        "revocationRequestConfig": {
            "approvalSchemes": []
        },
        "segments": [],
        "provisioningCriteria": null
    },
    {
        "id": "50eb9c828e1b4adeb733272a98849f26",
        "name": "TRAKK Approve",
        "description": "Approve timecards",
        "created": "2023-05-02T05:56:12.918Z",
        "modified": "2023-05-02T05:56:19.013Z",
        "enabled": true,
        "owner": {
            "type": "IDENTITY",
            "id": "cbdc946ce60a4ec9acb14027fe609f35",
            "name": "Jerry.Bennett"
        },
        "source": {
            "id": "04f39ad0f6464c848cccd8e6dd895c17",
            "type": "SOURCE",
            "name": "TRAKK-WS"
        },
        "entitlements": [
            {
                "id": "d8d210a885f74737a07f6c050863f3eb",
                "type": "ENTITLEMENT",
                "name": "approve"
            }
        ],
        "requestable": true,
        "accessRequestConfig": {
            "commentsRequired": false,
            "denialCommentsRequired": false,
            "approvalSchemes": []
        },
        "revocationRequestConfig": {
            "approvalSchemes": []
        },
        "segments": [],
        "provisioningCriteria": null
    },
    {
        "id": "969c3327f2274aafb99066fc2f9ba8f9",
        "name": "Financial Systems Analyst Access",
        "description": "Financial Systems Analyst Access",
        "created": "2023-05-02T05:56:12.943Z",
        "modified": "2023-05-02T06:02:00.528Z",
        "enabled": true,
        "owner": {
            "type": "IDENTITY",
            "id": "a4bbfc268d554df4b527d2eb4783c0f7",
            "name": "Patricia.Jones"
        },
        "source": {
            "id": "386f7e49a9764eb79de8233656c1eec7",
            "type": "SOURCE",
            "name": "Active Directory"
        },
        "entitlements": [
            {
                "id": "73ef0117302d486998cb605b6b592df6",
                "type": "ENTITLEMENT",
                "name": "Finance-Invoicing"
            },
            {
                "id": "97a1cefccf2541cfbfd78cb304863330",
                "type": "ENTITLEMENT",
                "name": "FinanceUsers"
            }
        ],
        "requestable": true,
        "accessRequestConfig": {
            "commentsRequired": true,
            "denialCommentsRequired": true,
            "approvalSchemes": [
                {
                    "approverType": "APP_OWNER",
                    "approverId": null
                }
            ]
        },
        "revocationRequestConfig": {
            "approvalSchemes": []
        },
        "segments": [],
        "provisioningCriteria": null
    },
    {
        "id": "f039468a3a9c4c038b9a9faea1c9c878",
        "name": "Badging - HQ Access",
        "description": "Access to the headquarters building - exterior doors and common areas. And everywhere else",
        "created": "2023-05-02T05:56:12.947Z",
        "modified": "2023-05-02T06:02:06.066Z",
        "enabled": true,
        "owner": {
            "type": "IDENTITY",
            "id": "cbdc946ce60a4ec9acb14027fe609f35",
            "name": "Jerry.Bennett"
        },
        "source": {
            "id": "3fe194a90dd64befa567a3aa96c03318",
            "type": "SOURCE",
            "name": "Badging"
        },
        "entitlements": [
            {
                "id": "a21b6a46dc414567b19dde0c82797c0e",
                "type": "ENTITLEMENT",
                "name": "HQ Access"
            }
        ],
        "requestable": true,
        "accessRequestConfig": {
            "commentsRequired": true,
            "denialCommentsRequired": true,
            "approvalSchemes": [
                {
                    "approverType": "APP_OWNER",
                    "approverId": null
                }
            ]
        },
        "revocationRequestConfig": {
            "approvalSchemes": []
        },
        "segments": [],
        "provisioningCriteria": null
    },
    {
        "id": "1cbac4826fac4361b084ec62e6e740ca",
        "name": "SalesEngineering",
        "description": "Grants access to the Sales Engineering team",
        "created": "2023-05-02T05:56:12.948Z",
        "modified": "2023-05-02T05:56:18.451Z",
        "enabled": true,
        "owner": {
            "type": "IDENTITY",
            "id": "cbdc946ce60a4ec9acb14027fe609f35",
            "name": "Jerry.Bennett"
        },
        "source": {
            "id": "386f7e49a9764eb79de8233656c1eec7",
            "type": "SOURCE",
            "name": "Active Directory"
        },
        "entitlements": [
            {
                "id": "65b109b2799543aa9eff1d4afb655865",
                "type": "ENTITLEMENT",
                "name": "SalesEngineering-Demo"
            },
            {
                "id": "17c3e8c2f6744e4cbf8c8ceba252055e",
                "type": "ENTITLEMENT",
                "name": "SalesEngineering-RFP"
            },
            {
                "id": "1dabf1a8ba634cee832828b4b8120bdf",
                "type": "ENTITLEMENT",
                "name": "SalesEngineering-Training"
            },
            {
                "id": "90f1fe84020148819f9c93308476a5bb",
                "type": "ENTITLEMENT",
                "name": "SalesEngineering-TechnologyExchange"
            }
        ],
        "requestable": true,
        "accessRequestConfig": {
            "commentsRequired": false,
            "denialCommentsRequired": false,
            "approvalSchemes": []
        },
        "revocationRequestConfig": {
            "approvalSchemes": []
        },
        "segments": [],
        "provisioningCriteria": null
    },
    {
        "id": "c937583c133a4adc98ef07b057383b18",
        "name": "Accounts Receivable",
        "description": "Internal Accounts Receivable Application Access",
        "created": "2023-05-02T05:56:12.948Z",
        "modified": "2023-05-02T06:02:00.464Z",
        "enabled": true,
        "owner": {
            "type": "IDENTITY",
            "id": "a4bbfc268d554df4b527d2eb4783c0f7",
            "name": "Patricia.Jones"
        },
        "source": {
            "id": "386f7e49a9764eb79de8233656c1eec7",
            "type": "SOURCE",
            "name": "Active Directory"
        },
        "entitlements": [
            {
                "id": "84cc7d06fb47446aa4724eb8d55a77a5",
                "type": "ENTITLEMENT",
                "name": "AccountsReceivable"
            }
        ],
        "requestable": true,
        "accessRequestConfig": {
            "commentsRequired": true,
            "denialCommentsRequired": true,
            "approvalSchemes": [
                {
                    "approverType": "APP_OWNER",
                    "approverId": null
                }
            ]
        },
        "revocationRequestConfig": {
            "approvalSchemes": []
        },
        "segments": [],
        "provisioningCriteria": null
    },
    {
        "id": "355ca02d6c7e4eaabb7cf355c3c0d1b4",
        "name": "PRISM ERP - Report Admin",
        "description": "Grants report administrator access to the PRISM ERP system.",
        "created": "2023-05-02T05:56:12.996Z",
        "modified": "2023-05-02T06:02:08.91Z",
        "enabled": true,
        "owner": {
            "type": "IDENTITY",
            "id": "cbdc946ce60a4ec9acb14027fe609f35",
            "name": "Jerry.Bennett"
        },
        "source": {
            "id": "567e584ba9c8463cb4e755e1aa62bbe2",
            "type": "SOURCE",
            "name": "PRISM"
        },
        "entitlements": [
            {
                "id": "2de72112ae2b4cbfb0cc53d8f4d51926",
                "type": "ENTITLEMENT",
                "name": "Create_Reports"
            },
            {
                "id": "08ea634c44ad4b32805e56994e4162af",
                "type": "ENTITLEMENT",
                "name": "Modify_Reports"
            },
            {
                "id": "50f3276c5b944c439e1da28eac05cd3c",
                "type": "ENTITLEMENT",
                "name": "View_Reports"
            }
        ],
        "requestable": true,
        "accessRequestConfig": {
            "commentsRequired": false,
            "denialCommentsRequired": false,
            "approvalSchemes": []
        },
        "revocationRequestConfig": {
            "approvalSchemes": []
        },
        "segments": [],
        "provisioningCriteria": null
    },
    {
        "id": "e79531052319461d93407a85f354dafb",
        "name": "TRAKK Input",
        "description": "Input timecards",
        "created": "2023-05-02T05:56:12.998Z",
        "modified": "2023-05-02T06:01:57.345Z",
        "enabled": true,
        "owner": {
            "type": "IDENTITY",
            "id": "cbdc946ce60a4ec9acb14027fe609f35",
            "name": "Jerry.Bennett"
        },
        "source": {
            "id": "04f39ad0f6464c848cccd8e6dd895c17",
            "type": "SOURCE",
            "name": "TRAKK-WS"
        },
        "entitlements": [
            {
                "id": "06d74a851d9347e088ec17c1a1a429d1",
                "type": "ENTITLEMENT",
                "name": "input"
            }
        ],
        "requestable": true,
        "accessRequestConfig": {
            "commentsRequired": false,
            "denialCommentsRequired": false,
            "approvalSchemes": []
        },
        "revocationRequestConfig": {
            "approvalSchemes": []
        },
        "segments": [],
        "provisioningCriteria": null
    },
    {
        "id": "daaffb9287ec4552b607f86e0dce8589",
        "name": "Airgap - Basic Access",
        "description": "Basic access to the Airgap system. This will require a ServiceNow ticket for manual fulfillment. The application has no network connectivity.",
        "created": "2023-05-02T05:56:13.002Z",
        "modified": "2023-05-02T06:02:03.35Z",
        "enabled": true,
        "owner": {
            "type": "IDENTITY",
            "id": "cbdc946ce60a4ec9acb14027fe609f35",
            "name": "Jerry.Bennett"
        },
        "source": {
            "id": "f7c39071b876465aafa4855baf0aff03",
            "type": "SOURCE",
            "name": "Airgap Application"
        },
        "entitlements": [
            {
                "id": "6c1a47508f6a4fe385d3d7977d5990b5",
                "type": "ENTITLEMENT",
                "name": "Basic Access"
            }
        ],
        "requestable": true,
        "accessRequestConfig": {
            "commentsRequired": true,
            "denialCommentsRequired": true,
            "approvalSchemes": [
                {
                    "approverType": "APP_OWNER",
                    "approverId": null
                }
            ]
        },
        "revocationRequestConfig": {
            "approvalSchemes": []
        },
        "segments": [],
        "provisioningCriteria": null
    },
    {
        "id": "3428af62cad3430695b3fb120a07ada6",
        "name": "Buyer",
        "description": "Allowed to make acquisitions",
        "created": "2023-05-02T05:56:13.016Z",
        "modified": "2023-05-02T06:02:00.441Z",
        "enabled": true,
        "owner": {
            "type": "IDENTITY",
            "id": "cbdc946ce60a4ec9acb14027fe609f35",
            "name": "Jerry.Bennett"
        },
        "source": {
            "id": "386f7e49a9764eb79de8233656c1eec7",
            "type": "SOURCE",
            "name": "Active Directory"
        },
        "entitlements": [
            {
                "id": "b880857349ef4e85b51b343246110981",
                "type": "ENTITLEMENT",
                "name": "Buyer"
            }
        ],
        "requestable": true,
        "accessRequestConfig": {
            "commentsRequired": true,
            "denialCommentsRequired": true,
            "approvalSchemes": [
                {
                    "approverType": "APP_OWNER",
                    "approverId": null
                }
            ]
        },
        "revocationRequestConfig": {
            "approvalSchemes": []
        },
        "segments": [],
        "provisioningCriteria": null
    },
    {
        "id": "e6b39221e3594728bb15bc015b61fbc1",
        "name": "PRISM ERP Employee Access",
        "description": "Grants user access to the PRISM ERP system",
        "created": "2023-05-02T05:56:13.02Z",
        "modified": "2023-05-02T05:56:18.527Z",
        "enabled": true,
        "owner": {
            "type": "IDENTITY",
            "id": "cbdc946ce60a4ec9acb14027fe609f35",
            "name": "Jerry.Bennett"
        },
        "source": {
            "id": "567e584ba9c8463cb4e755e1aa62bbe2",
            "type": "SOURCE",
            "name": "PRISM"
        },
        "entitlements": [
            {
                "id": "9ba944ed0f5f4cf5b906e992d608341c",
                "type": "ENTITLEMENT",
                "name": "Internal_Employee"
            },
            {
                "id": "50f3276c5b944c439e1da28eac05cd3c",
                "type": "ENTITLEMENT",
                "name": "View_Reports"
            },
            {
                "id": "ce3506cc7d714b4cb8012aaeb3a962ee",
                "type": "ENTITLEMENT",
                "name": "User"
            }
        ],
        "requestable": true,
        "accessRequestConfig": {
            "commentsRequired": false,
            "denialCommentsRequired": false,
            "approvalSchemes": []
        },
        "revocationRequestConfig": {
            "approvalSchemes": []
        },
        "segments": [],
        "provisioningCriteria": null
    },
    {
        "id": "caa11bb9c1e447979bd2cedc7694dbbd",
        "name": "PRISM ERP - Super Admin",
        "description": "Admin access to PRISM system",
        "created": "2023-05-02T05:56:13.022Z",
        "modified": "2023-05-02T05:56:19.59Z",
        "enabled": true,
        "owner": {
            "type": "IDENTITY",
            "id": "cbdc946ce60a4ec9acb14027fe609f35",
            "name": "Jerry.Bennett"
        },
        "source": {
            "id": "567e584ba9c8463cb4e755e1aa62bbe2",
            "type": "SOURCE",
            "name": "PRISM"
        },
        "entitlements": [
            {
                "id": "2de72112ae2b4cbfb0cc53d8f4d51926",
                "type": "ENTITLEMENT",
                "name": "Create_Reports"
            },
            {
                "id": "08ea634c44ad4b32805e56994e4162af",
                "type": "ENTITLEMENT",
                "name": "Modify_Reports"
            },
            {
                "id": "2e6dfba836c6418a87503c5bce85de68",
                "type": "ENTITLEMENT",
                "name": "Super"
            },
            {
                "id": "50f3276c5b944c439e1da28eac05cd3c",
                "type": "ENTITLEMENT",
                "name": "View_Reports"
            }
        ],
        "requestable": true,
        "accessRequestConfig": {
            "commentsRequired": false,
            "denialCommentsRequired": false,
            "approvalSchemes": []
        },
        "revocationRequestConfig": {
            "approvalSchemes": []
        },
        "segments": [],
        "provisioningCriteria": null
    },
    {
        "id": "71235c6381d643b49548c9c8880f2e3e",
        "name": "Default Employee Access",
        "description": "Access for all ACME employees",
        "created": "2023-07-01T18:07:42.027Z",
        "modified": "2023-07-17T22:04:24.04Z",
        "enabled": true,
        "owner": {
            "type": "IDENTITY",
            "id": "61d806622d474c02b312abe46cf80547",
            "name": "rthammineni.admin"
        },
        "source": {
            "id": "386f7e49a9764eb79de8233656c1eec7",
            "type": "SOURCE",
            "name": "Active Directory"
        },
        "entitlements": [
            {
                "id": "02ab770b464646b9a8bd242f47fc92fa",
                "type": "ENTITLEMENT",
                "name": "All_Users"
            }
        ],
        "requestable": true,
        "accessRequestConfig": {
            "commentsRequired": false,
            "denialCommentsRequired": false,
            "approvalSchemes": []
        },
        "revocationRequestConfig": {
            "approvalSchemes": []
        },
        "segments": [],
        "provisioningCriteria": null
    },
    {
        "id": "0ddabe52cb784040b14e80394f90b165",
        "name": "Benefits",
        "description": "Corp Benefits enrollment",
        "created": "2023-07-01T18:15:23.218Z",
        "modified": "2023-07-01T18:16:33.811Z",
        "enabled": false,
        "owner": {
            "type": "IDENTITY",
            "id": "61d806622d474c02b312abe46cf80547",
            "name": "rthammineni.admin"
        },
        "source": {
            "id": "386f7e49a9764eb79de8233656c1eec7",
            "type": "SOURCE",
            "name": "Active Directory"
        },
        "entitlements": [
            {
                "id": "3ac7a78db6ac457cb7c6945bc9090182",
                "type": "ENTITLEMENT",
                "name": "Benefits"
            }
        ],
        "requestable": true,
        "accessRequestConfig": {
            "commentsRequired": false,
            "denialCommentsRequired": false,
            "approvalSchemes": []
        },
        "revocationRequestConfig": {
            "approvalSchemes": []
        },
        "segments": [],
        "provisioningCriteria": null
    },
    {
        "id": "3e21646468704cf2874a8b3827c80b4e",
        "name": "Travel and Expense",
        "description": "Book corp travel and file expense reports",
        "created": "2023-07-01T18:18:14.229Z",
        "modified": "2024-02-26T11:25:12.018Z",
        "enabled": true,
        "owner": {
            "type": "IDENTITY",
            "id": "61d806622d474c02b312abe46cf80547",
            "name": "rthammineni.admin"
        },
        "source": {
            "id": "386f7e49a9764eb79de8233656c1eec7",
            "type": "SOURCE",
            "name": "Active Directory"
        },
        "entitlements": [
            {
                "id": "130e3ebe7daf4ad5ba4b6d0c6210740e",
                "type": "ENTITLEMENT",
                "name": "Treasury"
            }
        ],
        "requestable": true,
        "accessRequestConfig": {
            "commentsRequired": false,
            "denialCommentsRequired": false,
            "approvalSchemes": []
        },
        "revocationRequestConfig": {
            "approvalSchemes": []
        },
        "segments": [],
        "provisioningCriteria": null
    },
    {
        "id": "6dbf3fc2ece54895a2ee5bc617af2d37",
        "name": "T&E Approver",
        "description": "Approve travel requests and expense reimbursements",
        "created": "2023-07-01T18:22:16.843Z",
        "modified": "2023-10-27T14:29:32.813Z",
        "enabled": false,
        "owner": {
            "type": "IDENTITY",
            "id": "61d806622d474c02b312abe46cf80547",
            "name": "rthammineni.admin"
        },
        "source": {
            "id": "386f7e49a9764eb79de8233656c1eec7",
            "type": "SOURCE",
            "name": "Active Directory"
        },
        "entitlements": [],
        "requestable": true,
        "accessRequestConfig": {
            "commentsRequired": false,
            "denialCommentsRequired": false,
            "approvalSchemes": []
        },
        "revocationRequestConfig": {
            "approvalSchemes": []
        },
        "segments": [],
        "provisioningCriteria": null
    },
    {
        "id": "60ca2cebb154480397cca6523c1881e7",
        "name": "AP system",
        "description": "Accounts Payable system data entry",
        "created": "2023-07-01T18:25:52.692Z",
        "modified": "2023-07-01T18:30:42.224Z",
        "enabled": true,
        "owner": {
            "type": "IDENTITY",
            "id": "61d806622d474c02b312abe46cf80547",
            "name": "rthammineni.admin"
        },
        "source": {
            "id": "6e94edd99e4c4de4950ada7c8e82d16d",
            "type": "SOURCE",
            "name": "Finance"
        },
        "entitlements": [
            {
                "id": "04bdacc66c2d4241aa341d2cb283c7fc",
                "type": "ENTITLEMENT",
                "name": "Transactiopn Reporting"
            },
            {
                "id": "258d53084ca04abc940bf0ff49af200f",
                "type": "ENTITLEMENT",
                "name": "Account Payable"
            }
        ],
        "requestable": true,
        "accessRequestConfig": {
            "commentsRequired": false,
            "denialCommentsRequired": false,
            "approvalSchemes": []
        },
        "revocationRequestConfig": {
            "approvalSchemes": []
        },
        "segments": [],
        "provisioningCriteria": null
    },
    {
        "id": "a4185956220a4720a2e39266f1770d40",
        "name": "Vendor Creation",
        "description": "Setup accounting vendors",
        "created": "2023-07-01T18:27:56.089Z",
        "modified": "2023-07-01T18:28:17.058Z",
        "enabled": false,
        "owner": {
            "type": "IDENTITY",
            "id": "61d806622d474c02b312abe46cf80547",
            "name": "rthammineni.admin"
        },
        "source": {
            "id": "6e94edd99e4c4de4950ada7c8e82d16d",
            "type": "SOURCE",
            "name": "Finance"
        },
        "entitlements": [
            {
                "id": "3de19e5a7ba34033867b3f8be75ffe9a",
                "type": "ENTITLEMENT",
                "name": "VendorCreation"
            }
        ],
        "requestable": true,
        "accessRequestConfig": {
            "commentsRequired": false,
            "denialCommentsRequired": false,
            "approvalSchemes": []
        },
        "revocationRequestConfig": {
            "approvalSchemes": []
        },
        "segments": [],
        "provisioningCriteria": null
    },
    {
        "id": "c944440a020242a1856d742335d8d0f7",
        "name": "Employee Azure Access",
        "description": "Employee Azure Access",
        "created": "2023-07-03T20:24:17.7Z",
        "modified": "2023-07-03T20:26:06.364Z",
        "enabled": true,
        "owner": {
            "type": "IDENTITY",
            "id": "61d806622d474c02b312abe46cf80547",
            "name": "rthammineni.admin"
        },
        "source": {
            "id": "dea54ad48b254cae9521de4b3f8621d0",
            "type": "SOURCE",
            "name": "Azure AD"
        },
        "entitlements": [
            {
                "id": "eb60d14b70cd48d0a9cf086e432eda46",
                "type": "ENTITLEMENT",
                "name": "Azure Portal"
            }
        ],
        "requestable": true,
        "accessRequestConfig": {
            "commentsRequired": false,
            "denialCommentsRequired": false,
            "approvalSchemes": []
        },
        "revocationRequestConfig": {
            "approvalSchemes": []
        },
        "segments": [],
        "provisioningCriteria": null
    },
    {
        "id": "2b715ad116aa438ab3eedc6e62613f5b",
        "name": "Test IDN AD Group Access Profile",
        "description": null,
        "created": "2023-07-07T23:42:52.398Z",
        "modified": "2023-07-07T23:43:53.394Z",
        "enabled": true,
        "owner": {
            "type": "IDENTITY",
            "id": "61d806622d474c02b312abe46cf80547",
            "name": "rthammineni.admin"
        },
        "source": {
            "id": "3e3ee3f6f4ab44548a3498260f89b94e",
            "type": "SOURCE",
            "name": "AD Atlanta Lab"
        },
        "entitlements": [
            {
                "id": "559f5f208447459c87b2ce818b8de6c3",
                "type": "ENTITLEMENT",
                "name": "IDN test group"
            }
        ],
        "requestable": true,
        "accessRequestConfig": {
            "commentsRequired": false,
            "denialCommentsRequired": false,
            "approvalSchemes": []
        },
        "revocationRequestConfig": {
            "approvalSchemes": []
        },
        "segments": [],
        "provisioningCriteria": null
    },
    {
        "id": "d873a3a5057947bc85a3078176891a4e",
        "name": "Dallas Access Profile",
        "description": "Dallas Access Profile",
        "created": "2023-07-09T01:26:58.485Z",
        "modified": "2023-07-09T01:37:21.856Z",
        "enabled": true,
        "owner": {
            "type": "IDENTITY",
            "id": "61d806622d474c02b312abe46cf80547",
            "name": "rthammineni.admin"
        },
        "source": {
            "id": "3e3ee3f6f4ab44548a3498260f89b94e",
            "type": "SOURCE",
            "name": "AD Atlanta Lab"
        },
        "entitlements": [
            {
                "id": "972423f0cc874e81bc018e445ed700ff",
                "type": "ENTITLEMENT",
                "name": "Dallas-Users"
            }
        ],
        "requestable": true,
        "accessRequestConfig": {
            "commentsRequired": false,
            "denialCommentsRequired": false,
            "approvalSchemes": [
                {
                    "approverType": "OWNER",
                    "approverId": null
                }
            ]
        },
        "revocationRequestConfig": {
            "approvalSchemes": []
        },
        "segments": [],
        "provisioningCriteria": null
    },
    {
        "id": "3dbd5d6b04c6461fa327c520d6d8aba9",
        "name": "AD Admins",
        "description": null,
        "created": "2023-07-15T15:06:44.81Z",
        "modified": "2023-07-15T16:30:15.988Z",
        "enabled": true,
        "owner": {
            "type": "IDENTITY",
            "id": "61d806622d474c02b312abe46cf80547",
            "name": "rthammineni.admin"
        },
        "source": {
            "id": "3e3ee3f6f4ab44548a3498260f89b94e",
            "type": "SOURCE",
            "name": "AD Atlanta Lab"
        },
        "entitlements": [
            {
                "id": "006f1b61f1e24e8bb8d485ec3194ca9f",
                "type": "ENTITLEMENT",
                "name": "WindowsAdministration"
            }
        ],
        "requestable": true,
        "accessRequestConfig": {
            "commentsRequired": false,
            "denialCommentsRequired": false,
            "approvalSchemes": [
                {
                    "approverType": "OWNER",
                    "approverId": null
                }
            ]
        },
        "revocationRequestConfig": {
            "approvalSchemes": []
        },
        "segments": [],
        "provisioningCriteria": null
    },
    {
        "id": "f2c4de466e5944c59d3eab083b5bb175",
        "name": "Default Employees Access",
        "description": "Access for all employees",
        "created": "2023-07-17T22:02:25.272Z",
        "modified": "2023-07-17T22:03:38.159Z",
        "enabled": false,
        "owner": {
            "type": "IDENTITY",
            "id": "da3c58a7d0de4973a41da6392a63f179",
            "name": "mmadiraju.admin"
        },
        "source": {
            "id": "386f7e49a9764eb79de8233656c1eec7",
            "type": "SOURCE",
            "name": "Active Directory"
        },
        "entitlements": [
            {
                "id": "02ab770b464646b9a8bd242f47fc92fa",
                "type": "ENTITLEMENT",
                "name": "All_Users"
            }
        ],
        "requestable": true,
        "accessRequestConfig": {
            "commentsRequired": false,
            "denialCommentsRequired": false,
            "approvalSchemes": []
        },
        "revocationRequestConfig": {
            "approvalSchemes": []
        },
        "segments": [],
        "provisioningCriteria": null
    },
    {
        "id": "303dd89529ae4af6aa6cda1cae286066",
        "name": "AD Test NK Access Profile",
        "description": "Testing AD",
        "created": "2023-07-18T13:29:40.529Z",
        "modified": "2024-02-11T06:44:24.22635Z",
        "enabled": true,
        "owner": {
            "type": "IDENTITY",
            "id": "ce616d2459ea4390a04278e60d65e816",
            "name": "kandukurin.admin"
        },
        "source": {
            "id": "4f3e46ada99d46e5871beb963d127b44",
            "type": "SOURCE",
            "name": "AD Test NK"
        },
        "entitlements": [
            {
                "id": "ea0e7fe532c4413e9923ad75e0a0d0a4",
                "type": "ENTITLEMENT",
                "name": "Domain Users"
            }
        ],
        "requestable": true,
        "accessRequestConfig": {
            "commentsRequired": false,
            "denialCommentsRequired": false,
            "approvalSchemes": []
        },
        "revocationRequestConfig": {
            "approvalSchemes": []
        },
        "segments": [
            "6b3100f0-c4a9-46c2-8133-d3923d3cf85e"
        ],
        "provisioningCriteria": null
    },
    {
        "id": "78a01070f84445efbd95b7e19529a26c",
        "name": "TRV Accounting",
        "description": "Access profile for TRV_Accounting group",
        "created": "2023-07-18T23:26:50.923Z",
        "modified": "2023-07-18T23:29:51.273Z",
        "enabled": false,
        "owner": {
            "type": "IDENTITY",
            "id": "da3c58a7d0de4973a41da6392a63f179",
            "name": "mmadiraju.admin"
        },
        "source": {
            "id": "386f7e49a9764eb79de8233656c1eec7",
            "type": "SOURCE",
            "name": "Active Directory"
        },
        "entitlements": [
            {
                "id": "02ab770b464646b9a8bd242f47fc92fa",
                "type": "ENTITLEMENT",
                "name": "All_Users"
            }
        ],
        "requestable": true,
        "accessRequestConfig": {
            "commentsRequired": false,
            "denialCommentsRequired": false,
            "approvalSchemes": []
        },
        "revocationRequestConfig": {
            "approvalSchemes": []
        },
        "segments": [],
        "provisioningCriteria": null
    },
    {
        "id": "1e777829f80e45b4b8a68ebcb8c46a68",
        "name": "Test",
        "description": null,
        "created": "2023-07-19T19:55:43.351Z",
        "modified": "2024-02-11T06:44:24.456244Z",
        "enabled": false,
        "owner": {
            "type": "IDENTITY",
            "id": "da3c58a7d0de4973a41da6392a63f179",
            "name": "mmadiraju.admin"
        },
        "source": {
            "id": "386f7e49a9764eb79de8233656c1eec7",
            "type": "SOURCE",
            "name": "Active Directory"
        },
        "entitlements": [
            {
                "id": "034384ceabe3431ea0ee82ada7440567",
                "type": "ENTITLEMENT",
                "name": "PayrollProjects"
            },
            {
                "id": "02ab770b464646b9a8bd242f47fc92fa",
                "type": "ENTITLEMENT",
                "name": "All_Users"
            }
        ],
        "requestable": true,
        "accessRequestConfig": {
            "commentsRequired": false,
            "denialCommentsRequired": false,
            "approvalSchemes": []
        },
        "revocationRequestConfig": {
            "approvalSchemes": []
        },
        "segments": [
            "6b3100f0-c4a9-46c2-8133-d3923d3cf85e"
        ],
        "provisioningCriteria": {
            "operation": "AND",
            "attribute": null,
            "value": null,
            "children": [
                {
                    "operation": "OR",
                    "attribute": null,
                    "value": null,
                    "children": [
                        {
                            "operation": "EQUALS",
                            "attribute": "departmentNumber",
                            "value": "100001",
                            "children": null
                        }
                    ]
                }
            ]
        }
    },
    {
        "id": "03fb1830bfa048e79c52164c1698588b",
        "name": "TEST2507AP",
        "description": null,
        "created": "2023-07-25T09:32:38.31Z",
        "modified": "2023-07-28T07:52:17.573Z",
        "enabled": true,
        "owner": {
            "type": "IDENTITY",
            "id": "20badaf0836a4246b13abdba4639de60",
            "name": "swetagupta.admin"
        },
        "source": {
            "id": "6e94edd99e4c4de4950ada7c8e82d16d",
            "type": "SOURCE",
            "name": "Finance"
        },
        "entitlements": [
            {
                "id": "953a4044376b40c3900671c26bbfd49a",
                "type": "ENTITLEMENT",
                "name": "ITAccount"
            }
        ],
        "requestable": true,
        "accessRequestConfig": {
            "commentsRequired": true,
            "denialCommentsRequired": false,
            "approvalSchemes": [
                {
                    "approverType": "MANAGER",
                    "approverId": null
                },
                {
                    "approverType": "OWNER",
                    "approverId": null
                }
            ]
        },
        "revocationRequestConfig": {
            "approvalSchemes": []
        },
        "segments": [],
        "provisioningCriteria": null
    },
    {
        "id": "53c82876965247f99a49b9a22b5b55c9",
        "name": "ACCESSPROFILE-14",
        "description": "While requesting access, please provide following details in comments box.\n1. Start date\n2. Reason for request",
        "created": "2023-08-03T10:04:08.529Z",
        "modified": "2023-08-16T13:15:35.122Z",
        "enabled": true,
        "owner": {
            "type": "IDENTITY",
            "id": "20badaf0836a4246b13abdba4639de60",
            "name": "swetagupta.admin"
        },
        "source": {
            "id": "6e94edd99e4c4de4950ada7c8e82d16d",
            "type": "SOURCE",
            "name": "Finance"
        },
        "entitlements": [
            {
                "id": "448f45632b5a4c50bf675248194f7d43",
                "type": "ENTITLEMENT",
                "name": "Risk Analysis"
            }
        ],
        "requestable": true,
        "accessRequestConfig": {
            "commentsRequired": true,
            "denialCommentsRequired": false,
            "approvalSchemes": [
                {
                    "approverType": "MANAGER",
                    "approverId": null
                },
                {
                    "approverType": "OWNER",
                    "approverId": null
                }
            ]
        },
        "revocationRequestConfig": {
            "approvalSchemes": []
        },
        "segments": [],
        "provisioningCriteria": null
    },
    {
        "id": "8fdcd831a7824b1ab8fc163223ad9676",
        "name": "Access Profile 15",
        "description": "While requesting, please provide following information in comments box\n1. Start Date\n2. Reason for request",
        "created": "2023-08-16T13:24:17.41Z",
        "modified": "2023-08-16T13:25:33.783Z",
        "enabled": true,
        "owner": {
            "type": "IDENTITY",
            "id": "666e921cfc224eedbd54e820c038a30c",
            "name": "ankitbhandari1.admin"
        },
        "source": {
            "id": "6e94edd99e4c4de4950ada7c8e82d16d",
            "type": "SOURCE",
            "name": "Finance"
        },
        "entitlements": [
            {
                "id": "04bdacc66c2d4241aa341d2cb283c7fc",
                "type": "ENTITLEMENT",
                "name": "Transactiopn Reporting"
            }
        ],
        "requestable": true,
        "accessRequestConfig": {
            "commentsRequired": false,
            "denialCommentsRequired": false,
            "approvalSchemes": []
        },
        "revocationRequestConfig": {
            "approvalSchemes": []
        },
        "segments": [],
        "provisioningCriteria": null
    },
    {
        "id": "5ddeffb33f87410d810ccbbfc9de1f72",
        "name": "Zurich - Analyst",
        "description": null,
        "created": "2023-09-06T15:49:52.407Z",
        "modified": "2023-09-19T07:56:39.27568Z",
        "enabled": true,
        "owner": {
            "type": "IDENTITY",
            "id": "a41bd34f5a4445239c2457de395855ed",
            "name": "ZR Approver A"
        },
        "source": {
            "id": "1d3088516c4b4eecbee017f591a26318",
            "type": "SOURCE",
            "name": "Zurich - Engineering"
        },
        "entitlements": [
            {
                "id": "f9d844986dae48cf92130021d6d36cfa",
                "type": "ENTITLEMENT",
                "name": "Engineering - Write"
            },
            {
                "id": "6866d5d7dc7e4a3581da8d21c3a3e025",
                "type": "ENTITLEMENT",
                "name": "Engineering - Read"
            }
        ],
        "requestable": true,
        "accessRequestConfig": {
            "commentsRequired": false,
            "denialCommentsRequired": false,
            "approvalSchemes": [
                {
                    "approverType": "MANAGER",
                    "approverId": null
                },
                {
                    "approverType": "OWNER",
                    "approverId": null
                }
            ]
        },
        "revocationRequestConfig": {
            "approvalSchemes": []
        },
        "segments": [],
        "provisioningCriteria": null
    },
    {
        "id": "52e9ae1b71f843ddb906163355d02dbf",
        "name": "Zurich_Joiner_Access_Profile",
        "description": null,
        "created": "2023-09-06T16:25:53.086601Z",
        "modified": "2023-09-06T16:27:15.139278Z",
        "enabled": true,
        "owner": {
            "type": "IDENTITY",
            "id": "b2764aa119b2479ca10d0bc53e8b041d",
            "name": "mahakgarg.admin"
        },
        "source": {
            "id": "8698362d51ff4f6da8a2f17d851c64dc",
            "type": "SOURCE",
            "name": "Zurich-Active Directory"
        },
        "entitlements": [
            {
                "id": "003f5f969dfa45b6af3b02b7cecc966d",
                "type": "ENTITLEMENT",
                "name": "Corporate-VPN"
            }
        ],
        "requestable": true,
        "accessRequestConfig": {
            "commentsRequired": null,
            "denialCommentsRequired": null,
            "approvalSchemes": null
        },
        "revocationRequestConfig": {
            "approvalSchemes": null
        },
        "segments": [],
        "provisioningCriteria": null
    },
    {
        "id": "e26150ca4cff40fc8e630959a7191187",
        "name": "Zurich_Information_Technology_AP",
        "description": "Zurich_Information_Technology_AP",
        "created": "2023-09-06T16:33:05.031525Z",
        "modified": "2023-09-06T16:33:52.507074Z",
        "enabled": true,
        "owner": {
            "type": "IDENTITY",
            "id": "b2764aa119b2479ca10d0bc53e8b041d",
            "name": "mahakgarg.admin"
        },
        "source": {
            "id": "8698362d51ff4f6da8a2f17d851c64dc",
            "type": "SOURCE",
            "name": "Zurich-Active Directory"
        },
        "entitlements": [
            {
                "id": "0e83e191acd3454dad643bc2cd3e5f57",
                "type": "ENTITLEMENT",
                "name": "Development"
            }
        ],
        "requestable": true,
        "accessRequestConfig": {
            "commentsRequired": null,
            "denialCommentsRequired": null,
            "approvalSchemes": null
        },
        "revocationRequestConfig": {
            "approvalSchemes": null
        },
        "segments": [],
        "provisioningCriteria": null
    },
    {
        "id": "3afa0f36b3d341dd9ec3b002cb34c7da",
        "name": "Zurich_Finance_AP",
        "description": "Zurich_Finance_AP -Grants access to Tax Accounting module within general accounting application",
        "created": "2023-09-06T16:43:44.210395Z",
        "modified": "2023-09-18T08:16:31.325814Z",
        "enabled": true,
        "owner": {
            "type": "IDENTITY",
            "id": "b2764aa119b2479ca10d0bc53e8b041d",
            "name": "mahakgarg.admin"
        },
        "source": {
            "id": "8698362d51ff4f6da8a2f17d851c64dc",
            "type": "SOURCE",
            "name": "Zurich-Active Directory"
        },
        "entitlements": [
            {
                "id": "35a9d11cdb114b70a44b0849d3e58f22",
                "type": "ENTITLEMENT",
                "name": "TaxAccounting"
            }
        ],
        "requestable": true,
        "accessRequestConfig": {
            "commentsRequired": null,
            "denialCommentsRequired": null,
            "approvalSchemes": null
        },
        "revocationRequestConfig": {
            "approvalSchemes": null
        },
        "segments": [],
        "provisioningCriteria": null
    },
    {
        "id": "61da4da36f124343962cadfc9ab63594",
        "name": "Zurich - Developer",
        "description": null,
        "created": "2023-09-06T16:54:10.837Z",
        "modified": "2023-09-19T08:05:04.210022Z",
        "enabled": true,
        "owner": {
            "type": "IDENTITY",
            "id": "a41bd34f5a4445239c2457de395855ed",
            "name": "ZR Approver A"
        },
        "source": {
            "id": "1d3088516c4b4eecbee017f591a26318",
            "type": "SOURCE",
            "name": "Zurich - Engineering"
        },
        "entitlements": [
            {
                "id": "6bd118241873463fad0f760f9aa1a713",
                "type": "ENTITLEMENT",
                "name": "Engineering - All"
            },
            {
                "id": "f9d844986dae48cf92130021d6d36cfa",
                "type": "ENTITLEMENT",
                "name": "Engineering - Write"
            },
            {
                "id": "6866d5d7dc7e4a3581da8d21c3a3e025",
                "type": "ENTITLEMENT",
                "name": "Engineering - Read"
            },
            {
                "id": "ef281ce8ac4e429691bd79ca6333c599",
                "type": "ENTITLEMENT",
                "name": "Engineering - Execute"
            }
        ],
        "requestable": true,
        "accessRequestConfig": {
            "commentsRequired": false,
            "denialCommentsRequired": false,
            "approvalSchemes": [
                {
                    "approverType": "MANAGER",
                    "approverId": null
                },
                {
                    "approverType": "OWNER",
                    "approverId": null
                }
            ]
        },
        "revocationRequestConfig": {
            "approvalSchemes": []
        },
        "segments": [],
        "provisioningCriteria": null
    },
    {
        "id": "f417a83ef3b44b6f993345c62b680657",
        "name": "Zurich - Application Support Engineer",
        "description": null,
        "created": "2023-09-06T16:55:40.156Z",
        "modified": "2023-09-19T07:57:10.354853Z",
        "enabled": true,
        "owner": {
            "type": "IDENTITY",
            "id": "d1bd0ab7b2f54d40b80973267e1fa263",
            "name": "ZR Approver B"
        },
        "source": {
            "id": "fb6838997a204ce5b77b417fcdf05326",
            "type": "SOURCE",
            "name": "Zurich - Operations"
        },
        "entitlements": [
            {
                "id": "30fbb7a1fe024ad485883192a8321e43",
                "type": "ENTITLEMENT",
                "name": "Operations - Write"
            },
            {
                "id": "11992a506504409386621342dcfe42d3",
                "type": "ENTITLEMENT",
                "name": "Operations - Read"
            }
        ],
        "requestable": true,
        "accessRequestConfig": {
            "commentsRequired": false,
            "denialCommentsRequired": false,
            "approvalSchemes": [
                {
                    "approverType": "MANAGER",
                    "approverId": null
                },
                {
                    "approverType": "OWNER",
                    "approverId": null
                }
            ]
        },
        "revocationRequestConfig": {
            "approvalSchemes": []
        },
        "segments": [],
        "provisioningCriteria": null
    },
    {
        "id": "5a88fe83a6e34f6d91573b67752df6d8",
        "name": "Zurich - Level 1 Support",
        "description": null,
        "created": "2023-09-06T16:57:32.914Z",
        "modified": "2023-09-19T08:06:36.427121Z",
        "enabled": true,
        "owner": {
            "type": "IDENTITY",
            "id": "42090c61c65740b89cd83e9137d38cb1",
            "name": "ZR Approver C"
        },
        "source": {
            "id": "fb6838997a204ce5b77b417fcdf05326",
            "type": "SOURCE",
            "name": "Zurich - Operations"
        },
        "entitlements": [
            {
                "id": "30fbb7a1fe024ad485883192a8321e43",
                "type": "ENTITLEMENT",
                "name": "Operations - Write"
            },
            {
                "id": "9b383d4d02124177ac707254b10e08be",
                "type": "ENTITLEMENT",
                "name": "Operations - Execute"
            },
            {
                "id": "11992a506504409386621342dcfe42d3",
                "type": "ENTITLEMENT",
                "name": "Operations - Read"
            }
        ],
        "requestable": true,
        "accessRequestConfig": {
            "commentsRequired": false,
            "denialCommentsRequired": false,
            "approvalSchemes": [
                {
                    "approverType": "MANAGER",
                    "approverId": null
                },
                {
                    "approverType": "OWNER",
                    "approverId": null
                }
            ]
        },
        "revocationRequestConfig": {
            "approvalSchemes": []
        },
        "segments": [],
        "provisioningCriteria": null
    },
    {
        "id": "3f8da1ed5329477bbaddad5e78b789cf",
        "name": "Zurich - Level 2 Support",
        "description": null,
        "created": "2023-09-06T16:58:37.021Z",
        "modified": "2023-09-19T08:07:02.378795Z",
        "enabled": true,
        "owner": {
            "type": "IDENTITY",
            "id": "d1bd0ab7b2f54d40b80973267e1fa263",
            "name": "ZR Approver B"
        },
        "source": {
            "id": "fb6838997a204ce5b77b417fcdf05326",
            "type": "SOURCE",
            "name": "Zurich - Operations"
        },
        "entitlements": [
            {
                "id": "60bee7bc7649431d8c06ae956f33b60b",
                "type": "ENTITLEMENT",
                "name": "Operations - All"
            },
            {
                "id": "30fbb7a1fe024ad485883192a8321e43",
                "type": "ENTITLEMENT",
                "name": "Operations - Write"
            },
            {
                "id": "9b383d4d02124177ac707254b10e08be",
                "type": "ENTITLEMENT",
                "name": "Operations - Execute"
            },
            {
                "id": "11992a506504409386621342dcfe42d3",
                "type": "ENTITLEMENT",
                "name": "Operations - Read"
            }
        ],
        "requestable": true,
        "accessRequestConfig": {
            "commentsRequired": false,
            "denialCommentsRequired": false,
            "approvalSchemes": [
                {
                    "approverType": "MANAGER",
                    "approverId": null
                },
                {
                    "approverType": "OWNER",
                    "approverId": null
                }
            ]
        },
        "revocationRequestConfig": {
            "approvalSchemes": []
        },
        "segments": [],
        "provisioningCriteria": null
    },
    {
        "id": "fd398ab0983d49308caab5864cb22e86",
        "name": "Zurich - Claims Analyst",
        "description": null,
        "created": "2023-09-06T17:01:16.169Z",
        "modified": "2023-09-19T08:04:22.425967Z",
        "enabled": true,
        "owner": {
            "type": "IDENTITY",
            "id": "a41bd34f5a4445239c2457de395855ed",
            "name": "ZR Approver A"
        },
        "source": {
            "id": "d820c9ae390947fc8e1449334692b332",
            "type": "SOURCE",
            "name": "Zurich - Claims"
        },
        "entitlements": [
            {
                "id": "6ba9bdb2134c47f883662b9b73d92456",
                "type": "ENTITLEMENT",
                "name": "Claims - Write"
            },
            {
                "id": "8a7254dfe4174e9ca906695912bb2df6",
                "type": "ENTITLEMENT",
                "name": "Claims - Read"
            },
            {
                "id": "96df4c237cd84af19e86df0afe428897",
                "type": "ENTITLEMENT",
                "name": "Claims - Execute"
            }
        ],
        "requestable": true,
        "accessRequestConfig": {
            "commentsRequired": false,
            "denialCommentsRequired": false,
            "approvalSchemes": [
                {
                    "approverType": "MANAGER",
                    "approverId": null
                },
                {
                    "approverType": "OWNER",
                    "approverId": null
                }
            ]
        },
        "revocationRequestConfig": {
            "approvalSchemes": []
        },
        "segments": [],
        "provisioningCriteria": null
    },
    {
        "id": "ddfa6b4353bf467ab55456e0fc5162e0",
        "name": "Zurich - Claims Adjuster",
        "description": null,
        "created": "2023-09-06T17:02:37.709Z",
        "modified": "2023-09-19T07:58:14.492178Z",
        "enabled": true,
        "owner": {
            "type": "IDENTITY",
            "id": "61923897b8944175af3179c1f79df82f",
            "name": "ZR Approver D"
        },
        "source": {
            "id": "d820c9ae390947fc8e1449334692b332",
            "type": "SOURCE",
            "name": "Zurich - Claims"
        },
        "entitlements": [
            {
                "id": "4d7713945d17406f895456014606e44d",
                "type": "ENTITLEMENT",
                "name": "Claims - All"
            },
            {
                "id": "8a7254dfe4174e9ca906695912bb2df6",
                "type": "ENTITLEMENT",
                "name": "Claims - Read"
            },
            {
                "id": "6ba9bdb2134c47f883662b9b73d92456",
                "type": "ENTITLEMENT",
                "name": "Claims - Write"
            },
            {
                "id": "96df4c237cd84af19e86df0afe428897",
                "type": "ENTITLEMENT",
                "name": "Claims - Execute"
            }
        ],
        "requestable": true,
        "accessRequestConfig": {
            "commentsRequired": false,
            "denialCommentsRequired": false,
            "approvalSchemes": [
                {
                    "approverType": "MANAGER",
                    "approverId": null
                },
                {
                    "approverType": "OWNER",
                    "approverId": null
                }
            ]
        },
        "revocationRequestConfig": {
            "approvalSchemes": []
        },
        "segments": [],
        "provisioningCriteria": null
    },
    {
        "id": "bd39d97ffdc440998094e3a3bb14507d",
        "name": "Zurich - Claims Adjuster Trainee",
        "description": null,
        "created": "2023-09-06T17:03:54.034Z",
        "modified": "2023-09-19T08:03:21.676174Z",
        "enabled": true,
        "owner": {
            "type": "IDENTITY",
            "id": "61923897b8944175af3179c1f79df82f",
            "name": "ZR Approver D"
        },
        "source": {
            "id": "d820c9ae390947fc8e1449334692b332",
            "type": "SOURCE",
            "name": "Zurich - Claims"
        },
        "entitlements": [
            {
                "id": "8a7254dfe4174e9ca906695912bb2df6",
                "type": "ENTITLEMENT",
                "name": "Claims - Read"
            },
            {
                "id": "6ba9bdb2134c47f883662b9b73d92456",
                "type": "ENTITLEMENT",
                "name": "Claims - Write"
            }
        ],
        "requestable": true,
        "accessRequestConfig": {
            "commentsRequired": false,
            "denialCommentsRequired": false,
            "approvalSchemes": [
                {
                    "approverType": "MANAGER",
                    "approverId": null
                },
                {
                    "approverType": "OWNER",
                    "approverId": null
                }
            ]
        },
        "revocationRequestConfig": {
            "approvalSchemes": []
        },
        "segments": [],
        "provisioningCriteria": null
    },
    {
        "id": "e760f6970a9844f0a81e2f9addd4efa9",
        "name": "Zurich Finance AP",
        "description": null,
        "created": "2023-09-07T09:34:58.974Z",
        "modified": "2023-09-13T06:16:11.93536Z",
        "enabled": true,
        "owner": {
            "type": "IDENTITY",
            "id": "6824580c02ef4b6c8d43fac4704e92bd",
            "name": "keethanmadalab.admin"
        },
        "source": {
            "id": "44a598fdc9584cbfb2406978e9e35b24",
            "type": "SOURCE",
            "name": "Zurich Finance Source"
        },
        "entitlements": [
            {
                "id": "0aeb71a494be468987b1cb8b2ebf8153",
                "type": "ENTITLEMENT",
                "name": "Finance Viewer"
            },
            {
                "id": "b8bbe2ebe215421ba2d12175cda74dce",
                "type": "ENTITLEMENT",
                "name": "Finance Editor"
            }
        ],
        "requestable": true,
        "accessRequestConfig": {
            "commentsRequired": false,
            "denialCommentsRequired": false,
            "approvalSchemes": [
                {
                    "approverType": "MANAGER",
                    "approverId": null
                },
                {
                    "approverType": "GOVERNANCE_GROUP",
                    "approverId": "3957226d-7792-4cac-8f98-2033627057ed"
                }
            ]
        },
        "revocationRequestConfig": {
            "approvalSchemes": []
        },
        "segments": [],
        "provisioningCriteria": {
            "operation": "AND",
            "attribute": null,
            "value": null,
            "children": [
                {
                    "operation": "OR",
                    "attribute": null,
                    "value": null,
                    "children": [
                        {
                            "operation": "EQUALS",
                            "attribute": "Job Unit",
                            "value": "Finance",
                            "children": null
                        }
                    ]
                }
            ]
        }
    }
]